motif	fisher_p_blood	fisher_p_liver	fisher_p_lymph	fisher_p_vitro	fisher_p_vivo	fisher_p_all	best_pval	best_qval	best_condition	mean_fold	max_fold	n_conditions_tested	fisher_p_best_pair	fisher_best_pair	fisher_q_best_pair
RUNX2	0.02750727597688997	1.0	1.0	0.9993533727032353	0.42828000614632517	0.953852266883397	0.0001	0.0204	late_vivo_blood	1.069691104847214	2.001669449081803	18	0.02750727597688997	blood	1.0
ERb	0.9698850818634569	0.9698850818634569	0.02750727597688997	0.42828000614632517	0.7410362271866149	0.6482766213474064	0.001	0.1735	late_vitro_lymph	1.0280045041543278	2.4388888888888887	18	0.02750727597688997	lymph	1.0
MITF	0.02750727597688997	1.0	0.9698850818634569	0.7410362271866149	0.7410362271866149	0.840088681631872	0.01	0.668	mid_vivo_blood	1.175030486205682	1.8863198458574177	18	0.02750727597688997	blood	1.0
ZNF382	0.6848673126214759	0.9698850818634569	0.02750727597688997	0.02061266860252952	0.9993533727032353	0.429788739490491	0.0001	0.0283	mid_vitro_lymph	7.060185185185186	83.0	18	0.02750727597688997	lymph	1.0
NFkB-p65-Rel	1.0	0.6848673126214759	0.10350143927804016	0.9546691413265357	0.42828000614632517	0.840088681631872	0.01	0.3345	late_vitro_lymph	1.720982200231466	5.052631578947368	18	0.10350143927804016	lymph	1.0
HOXA3	0.10350143927804016	0.9698850818634569	0.9698850818634569	0.18959868843486136	0.9993533727032353	0.840088681631872	0.0001	0.0457	mid_vitro_blood	1.222489482619187	3.8030303030303023	18	0.10350143927804016	blood	1.0
Fos	0.10350143927804016	1.0	0.9698850818634569	0.9546691413265357	0.7410362271866149	0.953852266883397	0.01	1.0	late_vitro_blood	1.1339123465176983	1.8426395939086293	18	0.10350143927804016	blood	1.0
Mef2a	0.10350143927804016	1.0	0.9698850818634569	0.9993533727032353	0.42828000614632517	0.953852266883397	0.01	0.3431	late_vivo_blood	1.1193572671618608	1.8669354838709677	18	0.10350143927804016	blood	1.0
Sox3	0.10350143927804016	1.0	0.6848673126214759	0.42828000614632517	0.9546691413265357	0.840088681631872	0.01	0.541	early_vitro_lymph	1.0155776233201066	1.4694808899030234	18	0.10350143927804016	blood	1.0
Fra1	0.10350143927804016	1.0	0.9698850818634569	1.0	0.18959868843486136	0.953852266883397	0.001	0.1326	late_vivo_blood	1.1177822957011847	2.0802292263610314	18	0.10350143927804016	blood	1.0
Nr5a2	0.9698850818634569	0.9698850818634569	0.10350143927804016	0.42828000614632517	0.9546691413265357	0.8400886816318722	0.01	0.1989	mid_vitro_lymph	1.2555555564455028	2.101449275362319	18	0.10350143927804016	lymph	1.0
Lhx3	1.0	0.9698850818634569	0.10350143927804016	0.9546691413265357	0.7410362271866149	0.953852266883397	0.1	1.0	early_vitro_lymph	1.0284904400533357	1.2453300124533002	18	0.10350143927804016	lymph	1.0
LHX9	0.10350143927804016	1.0	1.0	0.9546691413265357	0.9546691413265357	0.9933442530200104	0.01	0.668	mid_vivo_blood	1.0412822760392824	1.3766447368421053	18	0.10350143927804016	blood	1.0
Pitx1:Ebox	1.0	0.10350143927804016	1.0	0.42828000614632517	1.0	0.9933442530200104	0.01	1.0	mid_vitro_liver	0.991553716499521	2.138181818181818	18	0.10350143927804016	liver	1.0
ZBED2	0.9698850818634569	0.9698850818634569	0.10350143927804016	0.9546691413265357	0.42828000614632517	0.840088681631872	0.01	0.9227	early_vitro_lymph	1.267501171938631	3.144144144144144	18	0.10350143927804016	lymph	1.0
RORgt	0.10350143927804016	0.9698850818634569	1.0	0.42828000614632517	0.9993533727032353	0.953852266883397	0.001	0.1438	early_vitro_blood	1.125837857024802	3.844444444444444	18	0.10350143927804016	blood	1.0
Zscan4c	0.10350143927804016	1.0	0.6848673126214759	0.7410362271866149	0.7410362271866149	0.840088681631872	0.01	0.668	mid_vivo_blood	1.2167265137083692	2.4805825242718447	18	0.10350143927804016	blood	1.0
RUNX-AML	0.10350143927804016	1.0	1.0	0.9993533727032353	0.7410362271866149	0.9933442530200104	0.001	0.103	late_vivo_blood	1.0359236332726505	1.9465020576131689	18	0.10350143927804016	blood	1.0
ZKSCAN1	0.9698850818634569	0.10350143927804016	1.0	0.9546691413265357	0.7410362271866149	0.953852266883397	0.01	1.0	mid_vivo_liver	1.4008169934640524	7.333333333333334	18	0.10350143927804016	liver	1.0
Fra2	0.31264433762447863	1.0	0.6848673126214759	0.9993533727032353	0.42828000614632517	0.953852266883397	0.01	0.3431	late_vivo_blood	1.1623089131134008	1.9562043795620438	18	0.31264433762447863	blood	1.0
CTCF-SatelliteElement	0.31264433762447863	1.0	0.9698850818634569	0.7410362271866149	0.9993533727032353	0.9933442530200104	0.01	0.2598	mid_vitro_blood	8.305555555555555	84.0	18	0.31264433762447863	blood	1.0
PSE	1.0	0.31264433762447863	0.9698850818634569	0.9546691413265357	0.9546691413265357	0.9933442530200104	0.1	1.0	early_vivo_liver	1.2170567346733228	1.6004273504273505	18	0.31264433762447863	liver	1.0
Atf3	0.31264433762447863	1.0	0.9698850818634569	0.9993533727032353	0.7410362271866149	0.9933442530200104	0.01	0.3431	late_vivo_blood	1.0937481678827288	1.7493975903614456	18	0.31264433762447863	blood	1.0
Mef2c	0.31264433762447863	1.0	0.9698850818634569	1.0	0.42828000614632517	0.9933442530200104	0.1	1.0	early_vivo_blood	0.9990191605897858	1.6196721311475413	18	0.31264433762447863	blood	1.0
AP-2gamma	1.0	0.9698850818634569	0.31264433762447863	0.42828000614632517	1.0	0.9933442530200104	0.01	0.6464	mid_vitro_lymph	0.9952932616322543	1.604989604989605	18	0.31264433762447863	lymph	1.0
CEBP:CEBP	0.31264433762447863	0.9698850818634569	0.6848673126214759	0.9546691413265357	0.42828000614632517	0.840088681631872	0.01	1.0	late_vitro_blood	1.2488853635730366	2.3767123287671237	18	0.31264433762447863	blood	1.0
OCT:OCT	0.31264433762447863	0.31264433762447863	0.9698850818634569	0.42828000614632517	0.7410362271866149	0.6482766213474064	0.01	0.3431	late_vivo_blood	2.458941908170322	5.333333333333334	18	0.31264433762447863	blood	1.0
RAR:RXR	0.6848673126214759	0.9698850818634569	0.31264433762447863	0.9546691413265357	0.42828000614632517	0.8400886816318722	0.01	0.9227	early_vitro_lymph	3.6124672194200826	14.5	18	0.31264433762447863	lymph	1.0
PU.1	1.0	0.31264433762447863	1.0	0.9993533727032353	0.9546691413265357	0.999689734899121	0.1	1.0	early_vivo_liver	1.1485560748328205	1.9120000000000001	18	0.31264433762447863	liver	1.0
Sox9	1.0	0.9698850818634569	0.31264433762447863	0.42828000614632517	1.0	0.9933442530200104	0.01	0.9898	early_vitro_lymph	1.0490602651791312	1.6903225806451614	18	0.31264433762447863	lymph	1.0
SpiB	1.0	0.31264433762447863	0.9698850818634569	0.9993533727032353	0.7410362271866149	0.9933442530200104	0.01	0.6621	early_vivo_liver	1.2168979933356585	3.741666666666667	18	0.31264433762447863	liver	1.0
MafA	0.9698850818634569	0.31264433762447863	1.0	0.7410362271866149	0.9993533727032353	0.9933442530200104	0.001	0.1348	early_vitro_liver	1.0655890943598494	2.1609195402298855	18	0.31264433762447863	liver	1.0
PAX5	0.31264433762447863	1.0	0.9698850818634569	0.9546691413265357	0.9546691413265357	0.9933442530200104	0.01	1.0	late_vitro_blood	1.2140307168007276	2.9574468085106385	18	0.31264433762447863	blood	1.0
bZIP:IRF	1.0	0.31264433762447863	1.0	0.9546691413265357	0.9993533727032353	0.999689734899121	0.01	1.0	mid_vitro_liver	1.06824933919716	1.9061784897025171	18	0.31264433762447863	liver	1.0
Gli2	1.0	0.31264433762447863	1.0	1.0	0.7410362271866149	0.999689734899121	0.01	1.0	mid_vivo_liver	0.9437685892591465	2.944444444444444	18	0.31264433762447863	liver	1.0
KLF6	1.0	0.6848673126214759	0.31264433762447863	0.7410362271866149	0.9546691413265357	0.953852266883397	0.001	0.0869	mid_vitro_lymph	1.1217666351788649	1.9691211401425177	18	0.31264433762447863	lymph	1.0
Gli3	0.9698850818634569	0.31264433762447863	0.6848673126214759	1.0	0.0678967928589232	0.840088681631872	0.01	1.0	mid_vivo_liver	1.216029832747886	2.9155844155844157	18	0.31264433762447863	liver	1.0
BATF	0.31264433762447863	1.0	0.6848673126214759	1.0	0.18959868843486136	0.953852266883397	0.01	0.155	late_vivo_blood	1.159637686696799	1.9114219114219113	18	0.31264433762447863	blood	1.0
Gsx2	0.31264433762447863	1.0	0.9698850818634569	0.9546691413265357	0.9546691413265357	0.9933442530200104	0.01	0.6653	mid_vivo_blood	1.0551761977934362	1.4462395543175488	18	0.31264433762447863	blood	1.0
Tlx?	1.0	1.0	0.31264433762447863	0.7410362271866149	1.0	0.999689734899121	0.001	0.0994	late_vitro_lymph	0.9594819254432834	2.557291666666667	18	0.31264433762447863	lymph	1.0
Foxa2	0.31264433762447863	0.6848673126214759	1.0	0.9546691413265357	0.7410362271866149	0.953852266883397	0.01	1.0	early_vivo_blood	0.955179695394453	1.6887115165336375	18	0.31264433762447863	blood	1.0
NFY	0.31264433762447863	0.6848673126214759	1.0	0.18959868843486136	1.0	0.953852266883397	0.01	0.6213	mid_vitro_blood	1.1533845244754826	1.727954971857411	18	0.31264433762447863	blood	1.0
HNF1b	0.31264433762447863	0.9698850818634569	1.0	0.42828000614632517	1.0	0.9933442530200104	0.1	1.0	early_vitro_blood	1.161241994436602	1.855421686746988	18	0.31264433762447863	blood	1.0
RUNX1	0.31264433762447863	0.9698850818634569	0.9698850818634569	0.9546691413265357	0.7410362271866149	0.953852266883397	0.01	0.2335	late_vivo_blood	1.080175460929762	1.613728129205922	18	0.31264433762447863	blood	1.0
GATA3	1.0	0.31264433762447863	0.6848673126214759	0.9546691413265357	0.7410362271866149	0.953852266883397	0.1	1.0	mid_vitro_lymph	1.5719502548071174	3.076923076923077	18	0.31264433762447863	liver	1.0
Tcfcp2l1	0.31264433762447863	1.0	0.6848673126214759	0.7410362271866149	0.9546691413265357	0.953852266883397	0.01	1.0	late_vitro_blood	1.1036137501678018	2.9736842105263155	18	0.31264433762447863	blood	1.0
STAT4	0.31264433762447863	1.0	1.0	0.9993533727032353	0.9546691413265357	0.999689734899121	0.01	1.0	early_vivo_blood	1.0269025112402799	1.6310975609756098	18	0.31264433762447863	blood	1.0
Phox2b	0.31264433762447863	0.6848673126214759	0.9698850818634569	0.18959868843486136	0.9993533727032353	0.840088681631872	0.01	1.0	early_vitro_liver	1.1742200543345274	2.0025188916876573	18	0.31264433762447863	blood	1.0
NFkB2-p52	1.0	1.0	0.31264433762447863	1.0	0.7410362271866149	0.999689734899121	0.01	1.0	late_vivo_lymph	0.8671854828274248	2.287425149700599	18	0.31264433762447863	lymph	1.0
Oct6	1.0	0.9698850818634569	0.31264433762447863	1.0	0.42828000614632517	0.9933442530200104	0.001	0.1779	mid_vivo_lymph	1.0360294127056944	2.101604278074866	18	0.31264433762447863	lymph	1.0
Hoxd10	0.6848673126214759	1.0	0.31264433762447863	0.42828000614632517	0.9993533727032353	0.953852266883397	0.01	0.2057	mid_vitro_lymph	1.0149491177687873	1.39875173370319	18	0.31264433762447863	lymph	1.0
Bcl11a	1.0	0.31264433762447863	1.0	1.0	0.7410362271866149	0.999689734899121	0.01	0.9806	early_vivo_liver	0.9698727842060733	2.066820276497696	18	0.31264433762447863	liver	1.0
X-box	0.9698850818634569	1.0	0.31264433762447863	0.9993533727032353	0.7410362271866149	0.9933442530200104	0.01	1.0	early_vivo_lymph	1.1023643445186566	4.137931034482759	18	0.31264433762447863	lymph	1.0
Bach1	0.9698850818634569	0.6848673126214759	1.0	0.9993533727032353	0.9546691413265357	0.999689734899121	0.1	1.0	early_vitro_liver	1.947118427381585	5.6499999999999995	18	0.6848673126214759	liver	1.0
IRF1	1.0	0.6848673126214759	0.9698850818634569	0.7410362271866149	1.0	0.999689734899121	0.01	1.0	late_vitro_liver	1.0794283594336584	2.26056338028169	18	0.6848673126214759	liver	1.0
Rfx1	0.9698850818634569	1.0	0.6848673126214759	1.0	0.7410362271866149	0.999689734899121	0.1	1.0	early_vivo_lymph	0.8605352665288711	3.1999999999999997	18	0.6848673126214759	lymph	1.0
IRF3	1.0	0.9698850818634569	0.6848673126214759	0.9993533727032353	0.9546691413265357	0.999689734899121	0.1	1.0	mid_vitro_lymph	1.0015093825616261	1.5935672514619883	18	0.6848673126214759	lymph	1.0
Lhx6	1.0	1.0	0.6848673126214759	1.0	0.9546691413265357	0.999998219461798	0.1	1.0	early_vivo_lymph	0.9890171679147147	1.2763250883392225	18	0.6848673126214759	lymph	1.0
Egr2	1.0	0.6848673126214759	1.0	0.9993533727032353	0.9993533727032353	0.999998219461798	0.1	1.0	late_vitro_liver	1.1201516246415673	3.310344827586207	18	0.6848673126214759	liver	1.0
GFY	1.0	0.6848673126214759	1.0	1.0	0.9546691413265357	0.999998219461798	0.1	1.0	early_vivo_liver	1.239844416953705	4.923076923076923	18	0.6848673126214759	liver	1.0
E2F	1.0	1.0	0.6848673126214759	1.0	0.9546691413265357	0.999998219461798	0.01	1.0	early_vivo_lymph	0.7912457912457912	10.909090909090908	18	0.6848673126214759	lymph	1.0
Six1	1.0	0.9698850818634569	0.6848673126214759	0.7410362271866149	1.0	0.999689734899121	0.1	1.0	early_vitro_lymph	0.9961215768286004	1.8826291079812207	18	0.6848673126214759	lymph	1.0
VDR	0.9698850818634569	0.6848673126214759	1.0	0.9993533727032353	0.9546691413265357	0.999689734899121	0.01	1.0	mid_vivo_liver	1.0179584609341505	2.53448275862069	18	0.6848673126214759	liver	1.0
Stat3	0.6848673126214759	1.0	1.0	0.9993533727032353	0.9993533727032353	0.999998219461798	0.1	1.0	late_vitro_blood	1.0399337440627505	1.6162790697674418	18	0.6848673126214759	blood	1.0
AR-halfsite	0.6848673126214759	1.0	1.0	0.9993533727032353	0.9993533727032353	0.999998219461798	0.1	1.0	mid_vitro_blood	1.003351878739304	1.20125786163522	18	0.6848673126214759	blood	1.0
Zfp541	0.9698850818634569	0.6848673126214759	1.0	0.9546691413265357	0.9993533727032353	0.999689734899121	0.1	1.0	mid_vitro_blood	0.9734450628821997	1.830601092896175	18	0.6848673126214759	liver	1.0
Pax7	0.6848673126214759	0.6848673126214759	0.6848673126214759	0.9546691413265357	0.42828000614632517	0.840088681631872	0.01	1.0	late_vivo_liver	1.663422162114411	4.625	18	0.6848673126214759	blood	1.0
KLF3	1.0	0.6848673126214759	1.0	1.0	0.9546691413265357	0.999998219461798	0.1	1.0	mid_vivo_liver	1.0253403343289196	1.9292035398230092	18	0.6848673126214759	liver	1.0
PR	0.9698850818634569	1.0	0.6848673126214759	0.9993533727032353	0.9546691413265357	0.999689734899121	0.1	1.0	early_vitro_lymph	1.035591297032782	1.330166270783848	18	0.6848673126214759	lymph	1.0
RXR	1.0	1.0	0.6848673126214759	1.0	0.9546691413265357	0.999998219461798	0.01	1.0	early_vivo_lymph	0.9567508216382458	1.721664275466284	18	0.6848673126214759	lymph	1.0
OCT4-SOX2-TCF-NANOG	0.9698850818634569	0.6848673126214759	0.9698850818634569	0.9993533727032353	0.7410362271866149	0.9933442530200104	0.1	1.0	mid_vitro_liver	1.113233640467307	1.9333333333333331	18	0.6848673126214759	liver	1.0
Hnf1	0.6848673126214759	1.0	1.0	0.9546691413265357	1.0	0.999998219461798	0.01	1.0	late_vitro_blood	0.9646566421526571	2.0094339622641506	18	0.6848673126214759	blood	1.0
Nur77	0.6848673126214759	1.0	1.0	1.0	0.9546691413265357	0.999998219461798	0.01	0.6952	mid_vivo_blood	0.8997250071482286	2.434285714285714	18	0.6848673126214759	blood	1.0
Foxo1	0.6848673126214759	0.9698850818634569	1.0	0.9993533727032353	0.9546691413265357	0.999689734899121	0.1	1.0	mid_vivo_blood	1.0296984366119792	1.3088057901085646	18	0.6848673126214759	blood	1.0
Brn1	1.0	0.9698850818634569	0.6848673126214759	1.0	0.7410362271866149	0.999689734899121	0.01	1.0	mid_vivo_lymph	1.0655553589387292	1.8959810874704488	18	0.6848673126214759	lymph	1.0
HIC1	0.9698850818634569	0.6848673126214759	1.0	1.0	0.7410362271866149	0.999689734899121	0.1	1.0	early_vivo_blood	1.0568312643953683	1.5202754399387912	18	0.6848673126214759	liver	1.0
ETS1	0.9698850818634569	0.6848673126214759	0.9698850818634569	0.9993533727032353	0.7410362271866149	0.9933442530200104	0.1	1.0	early_vitro_lymph	1.0558363551590162	1.4838187702265373	18	0.6848673126214759	liver	1.0
Rfx5	0.6848673126214759	1.0	0.9698850818634569	1.0	0.7410362271866149	0.999689734899121	0.1	1.0	mid_vivo_blood	0.9357532658569299	1.9879518072289157	18	0.6848673126214759	blood	1.0
SOX1	0.6848673126214759	1.0	0.9698850818634569	0.9546691413265357	0.9993533727032353	0.999689734899121	0.01	0.2598	mid_vitro_blood	0.9637062452184798	1.3851022395326194	18	0.6848673126214759	blood	1.0
Emx2	0.6848673126214759	0.9698850818634569	1.0	0.9993533727032353	0.9546691413265357	0.999689734899121	0.1	1.0	mid_vitro_blood	1.0064101399528722	1.2657200811359026	18	0.6848673126214759	blood	1.0
Brachyury	1.0	0.6848673126214759	1.0	1.0	0.9546691413265357	0.999998219461798	0.01	1.0	mid_vivo_liver	1.065179586079626	2.2484076433121016	18	0.6848673126214759	liver	1.0
Hoxc13	0.6848673126214759	1.0	1.0	0.9993533727032353	0.9993533727032353	0.999998219461798	0.1	1.0	mid_vitro_blood	1.0516477491051797	1.2745424292845258	18	0.6848673126214759	blood	1.0
COUP-TFII	0.6848673126214759	1.0	1.0	1.0	0.9546691413265357	0.999998219461798	0.01	0.668	mid_vivo_blood	1.0408748731337427	1.5848849945235486	18	0.6848673126214759	blood	1.0
FOXM1	0.9698850818634569	0.6848673126214759	1.0	0.9546691413265357	0.9993533727032353	0.999689734899121	0.01	1.0	late_vitro_liver	1.0492477548089503	1.3579033579033577	18	0.6848673126214759	liver	1.0
Sox21	0.6848673126214759	1.0	1.0	0.9993533727032353	0.9993533727032353	0.999998219461798	0.1	1.0	mid_vitro_blood	0.9778851707271564	1.2410383189122371	18	0.6848673126214759	blood	1.0
Isl1	0.6848673126214759	0.9698850818634569	0.6848673126214759	0.7410362271866149	0.9546691413265357	0.953852266883397	0.1	1.0	mid_vitro_lymph	1.068457924159368	1.2399222923749393	18	0.6848673126214759	blood	1.0
Hoxd12	0.6848673126214759	1.0	1.0	0.9546691413265357	1.0	0.999998219461798	0.01	1.0	early_vitro_blood	0.9936308859542198	1.2579933847850053	18	0.6848673126214759	blood	1.0
DLX5	0.9698850818634569	1.0	0.6848673126214759	0.9993533727032353	0.9546691413265357	0.999689734899121	0.1	1.0	early_vivo_blood	1.011314255577836	1.4187234042553194	18	0.6848673126214759	lymph	1.0
HOXA1	0.6848673126214759	0.9698850818634569	1.0	0.7410362271866149	1.0	0.999689734899121	0.01	0.6213	mid_vitro_blood	1.137417263370822	2.2017543859649122	18	0.6848673126214759	blood	1.0
ZNF136	0.6848673126214759	0.9698850818634569	1.0	0.9993533727032353	0.9546691413265357	0.999689734899121	0.1	1.0	mid_vitro_blood	1.1667661065981625	2.4767441860465116	18	0.6848673126214759	blood	1.0
RBPJ:Ebox	0.9698850818634569	0.9698850818634569	0.6848673126214759	0.42828000614632517	1.0	0.9933442530200104	0.01	0.3872	late_vitro_lymph	1.13522623900306	2.1202185792349724	18	0.6848673126214759	lymph	1.0
Rbpj1	0.6848673126214759	0.9698850818634569	1.0	0.9993533727032353	0.9546691413265357	0.999689734899121	0.1	1.0	early_vivo_blood	1.0365757699746097	1.3961474036850923	18	0.6848673126214759	blood	1.0
Pdx1	1.0	0.6848673126214759	0.9698850818634569	0.7410362271866149	1.0	0.999689734899121	0.1	1.0	early_vitro_liver	1.0024555896077594	1.2967121090617482	18	0.6848673126214759	liver	1.0
BANP	1.0	1.0	0.6848673126214759	0.9546691413265357	1.0	0.999998219461798	0.01	0.3087	mid_vitro_lymph	1.638525132275132	8.299999999999999	18	0.6848673126214759	lymph	1.0
NF1	1.0	1.0	0.6848673126214759	0.9546691413265357	1.0	0.999998219461798	0.01	0.2645	late_vitro_lymph	1.063944022603347	2.4133333333333336	18	0.6848673126214759	lymph	1.0
ZNF675	0.6848673126214759	0.6848673126214759	1.0	0.9546691413265357	0.9546691413265357	0.9933442530200104	0.01	1.0	early_vitro_liver	1.330389902746431	2.9886363636363633	18	0.6848673126214759	blood	1.0
Fosl2	0.6848673126214759	1.0	0.6848673126214759	0.9993533727032353	0.7410362271866149	0.9933442530200104	0.01	1.0	early_vivo_lymph	1.142354416330028	2.4390243902439024	18	0.6848673126214759	blood	1.0
EWS:FLI1-fusion	1.0	0.6848673126214759	0.9698850818634569	0.9993533727032353	0.9546691413265357	0.999689734899121	0.1	1.0	early_vitro_lymph	1.0923721544161533	1.7047872340425534	18	0.6848673126214759	liver	1.0
E2F6	1.0	1.0	0.6848673126214759	0.9546691413265357	1.0	0.999998219461798	0.01	0.4594	late_vitro_lymph	1.2164714363637577	2.3471074380165287	18	0.6848673126214759	lymph	1.0
JunB	0.6848673126214759	1.0	0.6848673126214759	0.9993533727032353	0.7410362271866149	0.9933442530200104	0.1	1.0	early_vivo_lymph	1.1278244726803708	1.7880597014925372	18	0.6848673126214759	blood	1.0
BHLHA15	1.0	0.6848673126214759	1.0	0.9993533727032353	0.9993533727032353	0.999998219461798	0.1	1.0	late_vitro_liver	0.9928025647386567	1.300990099009901	18	0.6848673126214759	liver	1.0
HRE	1.0	0.9698850818634569	0.6848673126214759	0.9993533727032353	0.9546691413265357	0.999689734899121	0.1	1.0	early_vivo_liver	1.1993132649219533	2.40625	18	0.6848673126214759	lymph	1.0
PBX2	0.6848673126214759	0.9698850818634569	0.9698850818634569	0.9546691413265357	0.9546691413265357	0.9933442530200104	0.1	1.0	mid_vitro_blood	1.0769783016742944	1.4925816023738874	18	0.6848673126214759	blood	1.0
ZNF519	1.0	0.6848673126214759	0.9698850818634569	1.0	0.7410362271866149	0.999689734899121	0.01	0.9648	early_vivo_liver	1.2507211233592388	4.337837837837838	18	0.6848673126214759	liver	1.0
IRF8	0.9698850818634569	0.6848673126214759	0.9698850818634569	0.9546691413265357	0.9546691413265357	0.9933442530200104	0.1	1.0	early_vivo_liver	1.1628978998615223	1.9655172413793105	18	0.6848673126214759	liver	1.0
ZNF317	0.9698850818634569	1.0	0.6848673126214759	0.9546691413265357	0.9993533727032353	0.999689734899121	0.1	1.0	early_vitro_lymph	1.3594551039547365	3.936170212765958	18	0.6848673126214759	lymph	1.0
ZNF341	0.6848673126214759	1.0	1.0	1.0	0.9546691413265357	0.999998219461798	0.01	0.3431	late_vivo_blood	1.0527032623694241	1.7569620253164557	18	0.6848673126214759	blood	1.0
Nkx6.1	0.9698850818634569	1.0	0.6848673126214759	0.9993533727032353	0.9546691413265357	0.999689734899121	0.1	1.0	mid_vitro_lymph	1.025494256402218	1.1353529738743748	18	0.6848673126214759	lymph	1.0
Mef2d	0.9698850818634569	1.0	0.6848673126214759	0.9993533727032353	0.9546691413265357	0.999689734899121	0.1	1.0	early_vivo_blood	0.9895065494876975	2.215139442231076	18	0.6848673126214759	lymph	1.0
Tbx6	1.0	0.6848673126214759	0.9698850818634569	0.9993533727032353	0.9546691413265357	0.999689734899121	0.1	1.0	early_vitro_lymph	1.0953281383348823	1.3575129533678758	18	0.6848673126214759	liver	1.0
NF1-halfsite	1.0	0.6848673126214759	1.0	1.0	0.9546691413265357	0.999998219461798	0.01	0.5245	early_vivo_liver	0.9594524910217499	1.7130503144654086	18	0.6848673126214759	liver	1.0
Atf1	1.0	0.6848673126214759	0.9698850818634569	0.9993533727032353	0.9546691413265357	0.999689734899121	0.1	1.0	early_vitro_liver	1.0764282191418053	1.5936254980079683	18	0.6848673126214759	liver	1.0
ZNF7	0.6848673126214759	1.0	1.0	1.0	0.9546691413265357	0.999998219461798	0.01	0.3431	late_vivo_blood	1.011647652228157	1.719077568134172	18	0.6848673126214759	blood	1.0
Pitx1	1.0	0.6848673126214759	1.0	0.9993533727032353	0.9993533727032353	0.999998219461798	0.1	1.0	early_vitro_liver	0.9913512704625513	1.1094355881085738	18	0.6848673126214759	liver	1.0
KLF10	0.6848673126214759	1.0	1.0	0.9546691413265357	1.0	0.999998219461798	0.01	1.0	late_vitro_blood	1.038177876220415	1.9428571428571426	18	0.6848673126214759	blood	1.0
MYNN	0.9698850818634569	0.6848673126214759	0.9698850818634569	0.9993533727032353	0.7410362271866149	0.9933442530200104	0.1	1.0	early_vivo_blood	1.0471999695913086	1.7374999999999998	18	0.6848673126214759	liver	1.0
Sox6	0.6848673126214759	1.0	0.9698850818634569	0.9546691413265357	0.9993533727032353	0.999689734899121	0.01	0.2598	mid_vitro_blood	0.9481349789790409	1.4401805869074493	18	0.6848673126214759	blood	1.0
Smad4	1.0	1.0	0.6848673126214759	0.9546691413265357	1.0	0.999998219461798	0.01	0.1869	late_vitro_lymph	1.0440795862385708	1.5448275862068965	18	0.6848673126214759	lymph	1.0
Pit1	1.0	0.6848673126214759	1.0	0.9546691413265357	1.0	0.999998219461798	0.01	1.0	mid_vitro_liver	1.0625803642988192	1.3832908163265307	18	0.6848673126214759	liver	1.0
bHLHE41	1.0	1.0	0.6848673126214759	0.9993533727032353	0.9993533727032353	0.999998219461798	0.1	1.0	early_vitro_lymph	1.0510827096876436	1.5595238095238093	18	0.6848673126214759	lymph	1.0
Tbx5	0.6848673126214759	1.0	1.0	0.9546691413265357	1.0	0.999998219461798	0.1	1.0	mid_vitro_blood	1.0068252323353375	1.1714039621016366	18	0.6848673126214759	blood	1.0
Nkx2.5	1.0	0.6848673126214759	1.0	0.9546691413265357	1.0	0.999998219461798	0.01	1.0	late_vitro_liver	1.0100206116966008	1.3146327356853673	18	0.6848673126214759	liver	1.0
Sox10	1.0	1.0	0.6848673126214759	0.9993533727032353	0.9993533727032353	0.999998219461798	0.1	1.0	early_vitro_lymph	1.012562111112309	1.2976022566995769	18	0.6848673126214759	lymph	1.0
Zac1	1.0	0.6848673126214759	0.9698850818634569	0.7410362271866149	1.0	0.999689734899121	0.1	1.0	early_vitro_liver	1.0292928892133288	1.244958481613286	18	0.6848673126214759	liver	1.0
Mixl1	1.0	0.9698850818634569	0.6848673126214759	0.9546691413265357	0.9993533727032353	0.999689734899121	0.1	1.0	early_vitro_liver	1.0318761684411606	1.3961904761904762	18	0.6848673126214759	lymph	1.0
Ronin	0.6848673126214759	0.6848673126214759	0.9698850818634569	0.7410362271866149	0.9546691413265357	0.953852266883397	0.1	1.0	early_vitro_blood	2.6574074074074074	14.333333333333334	18	0.6848673126214759	blood	1.0
Zfp809	0.9698850818634569	0.6848673126214759	1.0	0.9546691413265357	0.9993533727032353	0.999689734899121	0.1	1.0	early_vitro_blood	1.172604490775365	2.56	18	0.6848673126214759	liver	1.0
Hoxa10	0.6848673126214759	0.9698850818634569	0.9698850818634569	0.7410362271866149	0.9993533727032353	0.9933442530200104	0.1	1.0	early_vitro_blood	1.0823396175487945	1.446091644204852	18	0.6848673126214759	blood	1.0
FOXA1	0.6848673126214759	0.6848673126214759	1.0	0.7410362271866149	0.9993533727032353	0.9933442530200104	0.01	1.0	late_vitro_liver	1.016990486840441	1.3556457065584855	18	0.6848673126214759	blood	1.0
Nrf2	0.6848673126214759	1.0	1.0	0.9993533727032353	0.9993533727032353	0.999998219461798	0.1	1.0	early_vitro_blood	1.770739663386722	9.461538461538462	18	0.6848673126214759	blood	1.0
HNF4a	1.0	0.9698850818634569	0.6848673126214759	0.9546691413265357	0.9993533727032353	0.999689734899121	0.1	1.0	early_vitro_lymph	1.049850651646552	1.7105263157894737	18	0.6848673126214759	lymph	1.0
RORg	0.6848673126214759	1.0	1.0	0.9993533727032353	0.9993533727032353	0.999998219461798	0.1	1.0	early_vitro_blood	1.0913464931032726	3.0428571428571427	18	0.6848673126214759	blood	1.0
JunD	0.9698850818634569	1.0	0.6848673126214759	0.9546691413265357	0.9993533727032353	0.999689734899121	0.1	1.0	early_vitro_blood	1.5194888174726886	4.366666666666667	18	0.6848673126214759	lymph	1.0
PBX1	0.6848673126214759	1.0	1.0	1.0	0.9546691413265357	0.999998219461798	0.01	1.0	early_vivo_blood	1.1590448515746417	6.333333333333334	18	0.6848673126214759	blood	1.0
REST-NRSF	0.6848673126214759	0.9698850818634569	1.0	0.9993533727032353	0.9546691413265357	0.999689734899121	0.1	1.0	early_vivo_blood	1.8121252204585536	8.857142857142856	18	0.6848673126214759	blood	1.0
HOXB13	0.6848673126214759	1.0	1.0	0.9993533727032353	0.9993533727032353	0.999998219461798	0.1	1.0	early_vitro_blood	1.0406477139992352	1.3466465712132631	18	0.6848673126214759	blood	1.0
TFE3	0.6848673126214759	1.0	0.9698850818634569	0.7410362271866149	1.0	0.999689734899121	0.01	1.0	late_vitro_blood	1.056799313788561	5.0	18	0.6848673126214759	blood	1.0
CDX4	0.9698850818634569	1.0	1.0	0.9993533727032353	1.0	0.999999999941218	0.1	1.0	early_vitro_blood	1.002978319410893	1.285077951002227	18	0.9698850818634569	blood	1.0
ZNF528	1.0	1.0	0.9698850818634569	1.0	0.9993533727032353	0.999999999941218	0.1	1.0	early_vivo_lymph	0.6111111111111112	6.666666666666667	18	0.9698850818634569	lymph	1.0
ZNF41	1.0	1.0	0.9698850818634569	0.9993533727032353	1.0	0.999999999941218	0.1	1.0	early_vitro_lymph	0.9354166666666666	8.7	18	0.9698850818634569	lymph	1.0
ZNF410	0.9698850818634569	1.0	1.0	1.0	0.9993533727032353	0.999999999941218	0.1	0.8152	late_vivo_blood	1.7777777777777777	32.0	18	0.9698850818634569	blood	1.0
ZNF16	1.0	0.9698850818634569	1.0	0.9993533727032353	1.0	0.999999999941218	0.1	1.0	late_vitro_liver	0.5000000000000001	9.000000000000002	18	0.9698850818634569	liver	1.0
ZFP3	1.0	1.0	0.9698850818634569	1.0	0.9993533727032353	0.999999999941218	0.1	1.0	early_vivo_lymph	0.7407407407407408	13.333333333333334	18	0.9698850818634569	lymph	1.0
ZBTB33	1.0	0.9698850818634569	0.9698850818634569	1.0	0.9546691413265357	0.999998219461798	0.1	1.0	early_vivo_liver	2.31031746031746	23.499999999999996	18	0.9698850818634569	liver	1.0
Gata4	0.9698850818634569	0.9698850818634569	1.0	0.9993533727032353	0.9993533727032353	0.999998219461798	0.1	0.8227	mid_vitro_blood	1.0094006996662073	1.4020100502512562	18	0.9698850818634569	blood	1.0
ZNF467	0.9698850818634569	1.0	0.9698850818634569	1.0	0.9546691413265357	0.999998219461798	0.1	1.0	early_vivo_blood	0.9526366394410171	1.8296296296296297	18	0.9698850818634569	blood	1.0
Tbox:Smad	0.9698850818634569	1.0	0.9698850818634569	0.9546691413265357	1.0	0.999998219461798	0.1	1.0	mid_vitro_blood	1.180083650036144	2.51	18	0.9698850818634569	blood	1.0
EAR2	0.9698850818634569	1.0	1.0	1.0	0.9993533727032353	0.999999999941218	0.1	1.0	mid_vivo_blood	0.9898150873962602	1.4063647490820075	18	0.9698850818634569	blood	1.0
NFIL3	1.0	1.0	0.9698850818634569	0.9993533727032353	1.0	0.999999999941218	0.1	1.0	mid_vitro_lymph	1.0232405769230746	1.3443708609271523	18	0.9698850818634569	lymph	1.0
E2F7	1.0	0.9698850818634569	1.0	1.0	0.9993533727032353	0.999999999941218	0.1	1.0	mid_vivo_liver	0.7031769550220002	4.3999999999999995	18	0.9698850818634569	liver	1.0
Unknown-ESC-element	0.9698850818634569	0.9698850818634569	0.9698850818634569	0.7410362271866149	1.0	0.999689734899121	0.1	1.0	early_vitro_liver	1.115068646352403	1.6382252559726962	18	0.9698850818634569	blood	1.0
MyoG	1.0	0.9698850818634569	1.0	1.0	0.9993533727032353	0.999999999941218	0.1	1.0	late_vivo_liver	0.9572178524335434	1.4337349397590362	18	0.9698850818634569	liver	1.0
Smad2	1.0	0.9698850818634569	0.9698850818634569	0.9546691413265357	1.0	0.999998219461798	0.1	1.0	early_vitro_liver	0.9850996849341236	1.3096008629989213	18	0.9698850818634569	liver	1.0
Jun-AP1	0.9698850818634569	1.0	1.0	1.0	0.9993533727032353	0.999999999941218	0.1	0.8152	late_vivo_blood	1.1116275019921005	2.0543478260869565	18	0.9698850818634569	blood	1.0
ETV4	0.9698850818634569	1.0	1.0	1.0	0.9993533727032353	0.999999999941218	0.1	0.8152	late_vivo_blood	0.9626913451563573	1.3250388802488335	18	0.9698850818634569	blood	1.0
c-Myc	0.9698850818634569	0.9698850818634569	1.0	0.9993533727032353	0.9993533727032353	0.999998219461798	0.1	1.0	late_vitro_liver	0.9839472953277593	1.6666666666666665	18	0.9698850818634569	blood	1.0
Hnf6b	1.0	1.0	0.9698850818634569	0.9993533727032353	1.0	0.999999999941218	0.1	1.0	late_vitro_lymph	1.0268709406583152	1.2375690607734806	18	0.9698850818634569	lymph	1.0
Cdx2	1.0	1.0	0.9698850818634569	1.0	0.9993533727032353	0.999999999941218	0.1	1.0	mid_vivo_lymph	1.0061634835263655	1.361913357400722	18	0.9698850818634569	lymph	1.0
ZFX	0.9698850818634569	1.0	0.9698850818634569	0.9993533727032353	0.9993533727032353	0.999998219461798	0.1	1.0	early_vitro_blood	1.0958165477674502	1.3680781758957656	18	0.9698850818634569	blood	1.0
Hoxb4	0.9698850818634569	1.0	1.0	0.9993533727032353	1.0	0.999999999941218	0.1	1.0	mid_vitro_blood	0.9304118186115239	1.830601092896175	18	0.9698850818634569	blood	1.0
DLX1	0.9698850818634569	1.0	0.9698850818634569	0.9993533727032353	0.9993533727032353	0.999998219461798	0.1	1.0	mid_vitro_lymph	1.004228341995387	1.2716115261472785	18	0.9698850818634569	blood	1.0
CEBP:AP1	1.0	1.0	0.9698850818634569	1.0	0.9993533727032353	0.999999999941218	0.1	1.0	late_vivo_lymph	0.8533970349804191	1.3668981481481481	18	0.9698850818634569	lymph	1.0
Dlx3	0.9698850818634569	1.0	0.9698850818634569	0.9993533727032353	0.9993533727032353	0.999998219461798	0.1	1.0	early_vivo_blood	1.028839277785473	1.400394477317554	18	0.9698850818634569	blood	1.0
STAT1	0.9698850818634569	1.0	1.0	1.0	0.9993533727032353	0.999999999941218	0.1	1.0	early_vivo_blood	0.9399572759465004	2.0148367952522253	18	0.9698850818634569	blood	1.0
Oct11	1.0	0.9698850818634569	1.0	1.0	0.9993533727032353	0.999999999941218	0.1	1.0	late_vivo_liver	1.028805872031815	1.7371273712737128	18	0.9698850818634569	liver	1.0
NRF	1.0	0.9698850818634569	0.9698850818634569	0.9993533727032353	0.9993533727032353	0.999998219461798	0.1	1.0	late_vitro_lymph	0.7851005680049797	4.0	18	0.9698850818634569	liver	1.0
Otx2	1.0	1.0	0.9698850818634569	0.9993533727032353	1.0	0.999999999941218	0.1	1.0	late_vitro_lymph	1.029656387121191	1.2653061224489797	18	0.9698850818634569	lymph	1.0
CHR	0.9698850818634569	1.0	1.0	1.0	0.9993533727032353	0.999999999941218	0.1	1.0	mid_vivo_blood	0.9693784364314637	1.3925845147219194	18	0.9698850818634569	blood	1.0
TRPS1	0.9698850818634569	1.0	1.0	0.9993533727032353	1.0	0.999999999941218	0.1	1.0	mid_vitro_blood	1.001912137325216	1.1755196304849884	18	0.9698850818634569	blood	1.0
HIF-1a	0.9698850818634569	1.0	1.0	1.0	0.9993533727032353	0.999999999941218	0.1	0.5888	late_vivo_blood	1.0699342641282454	2.25	18	0.9698850818634569	blood	1.0
Nkx2.2	1.0	0.9698850818634569	1.0	0.9993533727032353	1.0	0.999999999941218	0.1	1.0	late_vitro_liver	0.9747921202502055	1.2794729542302357	18	0.9698850818634569	liver	1.0
CREB5	0.9698850818634569	0.9698850818634569	1.0	1.0	0.9546691413265357	0.999998219461798	0.1	1.0	early_vivo_liver	1.029275147748309	1.6532951289398279	18	0.9698850818634569	blood	1.0
AP-2alpha	1.0	0.9698850818634569	0.9698850818634569	0.9546691413265357	1.0	0.999998219461798	0.1	1.0	early_vitro_lymph	0.8983167736249124	1.7530864197530862	18	0.9698850818634569	liver	1.0
THRb	1.0	0.9698850818634569	1.0	0.9993533727032353	1.0	0.999999999941218	0.1	1.0	early_vitro_liver	1.1053391369160608	1.620938628158845	18	0.9698850818634569	liver	1.0
Myf5	0.9698850818634569	0.9698850818634569	0.9698850818634569	0.9993533727032353	0.9546691413265357	0.999689734899121	0.1	1.0	early_vitro_lymph	1.0272402735077701	1.6755162241887904	18	0.9698850818634569	blood	1.0
Hoxa9	0.9698850818634569	1.0	1.0	1.0	0.9993533727032353	0.999999999941218	0.1	1.0	mid_vivo_blood	0.9995149012938064	1.1598774885145482	18	0.9698850818634569	blood	1.0
Erra	1.0	0.9698850818634569	1.0	0.9993533727032353	1.0	0.999999999941218	0.1	1.0	mid_vitro_liver	1.0331883517310894	1.3824	18	0.9698850818634569	liver	1.0
Oct4	1.0	1.0	0.9698850818634569	1.0	0.9993533727032353	0.999999999941218	0.1	1.0	mid_vivo_lymph	1.0244945472103428	1.384853168469861	18	0.9698850818634569	lymph	1.0
Foxf1	1.0	1.0	0.9698850818634569	0.9993533727032353	1.0	0.999999999941218	0.1	1.0	late_vitro_lymph	0.9312431164308875	1.2099673202614378	18	0.9698850818634569	lymph	1.0
TCFL2	0.9698850818634569	1.0	1.0	1.0	0.9993533727032353	0.999999999941218	0.1	1.0	mid_vivo_blood	0.9841812530209959	2.428571428571429	18	0.9698850818634569	blood	1.0
ZNF669	1.0	0.9698850818634569	1.0	1.0	0.9993533727032353	0.999999999941218	0.1	1.0	early_vivo_liver	1.2486223652335509	3.764705882352941	18	0.9698850818634569	liver	1.0
Twist	0.9698850818634569	1.0	1.0	1.0	0.9993533727032353	0.999999999941218	0.1	1.0	mid_vivo_blood	1.4567796864525755	3.0	18	0.9698850818634569	blood	1.0
MYB	0.9698850818634569	0.9698850818634569	0.9698850818634569	0.9546691413265357	0.9993533727032353	0.999689734899121	0.1	1.0	early_vitro_liver	0.9784862666896557	1.2695086705202312	18	0.9698850818634569	blood	1.0
E2F4	1.0	0.9698850818634569	1.0	0.9993533727032353	1.0	0.999999999941218	0.1	1.0	late_vitro_liver	1.0959672714711144	2.459183673469388	18	0.9698850818634569	liver	1.0
ERRg	0.9698850818634569	1.0	0.9698850818634569	0.9546691413265357	1.0	0.999998219461798	0.1	1.0	early_vitro_lymph	1.098953302561384	1.536231884057971	18	0.9698850818634569	blood	1.0
Etv2	1.0	0.9698850818634569	0.9698850818634569	0.9993533727032353	0.9993533727032353	0.999998219461798	0.1	1.0	early_vivo_liver	1.0499080453783811	1.4937888198757763	18	0.9698850818634569	liver	1.0
Cux2	1.0	1.0	0.9698850818634569	0.9993533727032353	1.0	0.999999999941218	0.1	1.0	late_vitro_lymph	0.947515661677179	1.486652977412731	18	0.9698850818634569	lymph	1.0
Prop1	0.9698850818634569	0.9698850818634569	1.0	0.9546691413265357	1.0	0.999998219461798	0.1	1.0	early_vitro_liver	1.013095221311636	1.2505747126436781	18	0.9698850818634569	blood	1.0
Hoxd9	1.0	0.9698850818634569	1.0	1.0	0.9993533727032353	0.999999999941218	0.1	1.0	early_vivo_liver	1.0228568550224102	1.5989304812834224	18	0.9698850818634569	liver	1.0
PRDM9	1.0	0.9698850818634569	1.0	0.9993533727032353	1.0	0.999999999941218	0.1	1.0	early_vitro_liver	0.8243121209640418	1.5984555984555984	18	0.9698850818634569	liver	1.0
IRF4	0.9698850818634569	1.0	1.0	0.9993533727032353	1.0	0.999999999941218	0.1	1.0	late_vitro_blood	0.8892022769391219	1.3946731234866827	18	0.9698850818634569	blood	1.0
Hoxc9	1.0	0.9698850818634569	1.0	0.9993533727032353	1.0	0.999999999941218	0.1	1.0	late_vitro_liver	1.0110280625564498	1.364864864864865	18	0.9698850818634569	liver	1.0
ZNF415	1.0	0.9698850818634569	1.0	0.9993533727032353	1.0	0.999999999941218	0.1	1.0	mid_vitro_liver	1.0179606659823603	1.7430830039525693	18	0.9698850818634569	liver	1.0
Stat3+il21	0.9698850818634569	0.9698850818634569	1.0	0.9993533727032353	0.9993533727032353	0.999998219461798	0.1	1.0	early_vivo_blood	1.0301918398490146	1.627118644067797	18	0.9698850818634569	blood	1.0
TEAD	1.0	0.9698850818634569	1.0	1.0	0.9993533727032353	0.999999999941218	0.1	1.0	early_vivo_liver	1.0103609575176584	1.614814814814815	18	0.9698850818634569	liver	1.0
PU.1-IRF	0.9698850818634569	1.0	1.0	0.9993533727032353	1.0	0.999999999941218	0.1	1.0	late_vitro_blood	1.0312431477203186	1.2532258064516129	18	0.9698850818634569	blood	1.0
FoxD3	1.0	1.0	0.9698850818634569	0.9993533727032353	1.0	0.999999999941218	0.1	1.0	late_vitro_lymph	0.9903969844743337	1.248949579831933	18	0.9698850818634569	lymph	1.0
GRHL2	1.0	0.9698850818634569	1.0	1.0	0.9993533727032353	0.999999999941218	0.1	1.0	mid_vivo_liver	1.0578187252753595	1.5473684210526315	18	0.9698850818634569	liver	1.0
EBF	1.0	0.9698850818634569	0.9698850818634569	0.9546691413265357	1.0	0.999998219461798	0.1	1.0	late_vitro_liver	1.171930381067411	1.7181208053691275	18	0.9698850818634569	liver	1.0
Rfx6	1.0	0.9698850818634569	1.0	0.9993533727032353	1.0	0.999999999941218	0.1	1.0	mid_vitro_liver	0.9675897669182459	1.3802816901408452	18	0.9698850818634569	liver	1.0
PRDM1	0.9698850818634569	0.9698850818634569	1.0	0.9546691413265357	1.0	0.999998219461798	0.1	1.0	late_vitro_blood	1.0214697375454915	1.41016333938294	18	0.9698850818634569	blood	1.0
CRX	0.9698850818634569	0.9698850818634569	0.9698850818634569	0.9546691413265357	0.9993533727032353	0.999689734899121	0.1	1.0	early_vitro_liver	1.0340026491046583	1.2123821238212382	18	0.9698850818634569	blood	1.0
ERG	1.0	0.9698850818634569	1.0	1.0	0.9993533727032353	0.999999999941218	0.1	1.0	late_vivo_liver	1.0168464579314296	1.3478977741137677	18	0.9698850818634569	liver	1.0
Atf7	1.0	0.9698850818634569	0.9698850818634569	1.0	0.9546691413265357	0.999998219461798	0.1	1.0	early_vivo_liver	1.0675639149403404	1.8571428571428574	18	0.9698850818634569	liver	1.0
Meis1	0.9698850818634569	1.0	1.0	1.0	0.9993533727032353	0.999999999941218	0.1	0.5586	late_vivo_blood	1.0556778988097075	1.3515092502434276	18	0.9698850818634569	blood	1.0
SCL	1.0	0.9698850818634569	0.9698850818634569	0.9993533727032353	0.9993533727032353	0.999998219461798	0.1	1.0	early_vivo_lymph	1.006155965101533	1.1390748630553864	18	0.9698850818634569	liver	1.0
NFE2L2	0.9698850818634569	1.0	1.0	1.0	0.9993533727032353	0.999999999941218	0.1	1.0	early_vivo_blood	1.0463725155534138	4.1000000000000005	18	0.9698850818634569	blood	1.0
Twist2	0.9698850818634569	0.9698850818634569	1.0	1.0	0.9546691413265357	0.999998219461798	0.1	1.0	mid_vivo_blood	1.0019356610132923	1.2722222222222224	18	0.9698850818634569	blood	1.0
ZNF416	0.9698850818634569	1.0	1.0	1.0	0.9993533727032353	0.999999999941218	0.1	1.0	mid_vivo_blood	1.0266961239679444	1.3733003708281828	18	0.9698850818634569	blood	1.0
ZNF148	0.9698850818634569	1.0	1.0	1.0	0.9993533727032353	0.999999999941218	0.1	1.0	early_vivo_blood	1.053115261239119	1.8364312267657994	18	0.9698850818634569	blood	1.0
TEAD4	1.0	0.9698850818634569	0.9698850818634569	1.0	0.9546691413265357	0.999998219461798	0.1	1.0	early_vivo_liver	1.0086901789656733	1.5451807228915664	18	0.9698850818634569	liver	1.0
MRE	1.0	0.9698850818634569	1.0	0.9993533727032353	1.0	0.999999999941218	0.1	1.0	early_vitro_liver	1.0222866699598394	1.3162193698949824	18	0.9698850818634569	liver	1.0
GRE	0.9698850818634569	1.0	1.0	1.0	0.9993533727032353	0.999999999941218	0.1	1.0	mid_vivo_blood	1.0892629087338674	2.4113475177304964	18	0.9698850818634569	blood	1.0
MyoD	1.0	1.0	0.9698850818634569	0.9993533727032353	1.0	0.999999999941218	0.1	1.0	early_vitro_lymph	0.9701855682914707	1.775	18	0.9698850818634569	lymph	1.0
Zfp281	0.9698850818634569	1.0	0.9698850818634569	1.0	0.9546691413265357	0.999998219461798	0.1	1.0	mid_vivo_blood	1.1161279954039511	4.295454545454545	18	0.9698850818634569	blood	1.0
RARa	1.0	0.9698850818634569	0.9698850818634569	0.9546691413265357	1.0	0.999998219461798	0.1	1.0	early_vitro_lymph	0.9889343562926004	1.2065217391304348	18	0.9698850818634569	liver	1.0
NFkB-p65	1.0	1.0	0.9698850818634569	1.0	0.9993533727032353	0.999999999941218	0.1	1.0	mid_vivo_lymph	0.985003108062882	1.763239875389408	18	0.9698850818634569	lymph	1.0
c-Jun-CRE	0.9698850818634569	1.0	0.9698850818634569	1.0	0.9546691413265357	0.999998219461798	0.1	1.0	early_vivo_lymph	1.1294797545003599	2.0	18	0.9698850818634569	blood	1.0
ARE	0.9698850818634569	1.0	0.9698850818634569	0.9993533727032353	0.9993533727032353	0.999998219461798	0.1	1.0	mid_vivo_blood	0.8548021155678991	1.773809523809524	18	0.9698850818634569	blood	1.0
ETV1	0.9698850818634569	1.0	0.9698850818634569	0.9993533727032353	0.9993533727032353	0.999998219461798	0.1	1.0	mid_vitro_lymph	1.0446307079725188	1.3218645948945615	18	0.9698850818634569	blood	1.0
BMAL1	1.0	0.9698850818634569	1.0	0.9993533727032353	1.0	0.999999999941218	0.1	1.0	late_vitro_liver	1.0083428277810136	1.2811501597444088	18	0.9698850818634569	liver	1.0
Sox2	0.9698850818634569	1.0	1.0	1.0	0.9993533727032353	0.999999999941218	0.1	0.6252	late_vivo_blood	0.977417567443957	1.38	18	0.9698850818634569	blood	1.0
STAT5	0.9698850818634569	0.9698850818634569	1.0	1.0	0.9546691413265357	0.999998219461798	0.1	1.0	early_vivo_blood	0.9409612941104807	1.8926380368098161	18	0.9698850818634569	blood	1.0
Zic	1.0	1.0	0.9698850818634569	0.9993533727032353	1.0	0.999999999941218	0.1	1.0	mid_vitro_lymph	1.0206365650466518	1.4890219560878244	18	0.9698850818634569	lymph	1.0
Bcl6	0.9698850818634569	1.0	1.0	1.0	0.9993533727032353	0.999999999941218	0.1	0.6177	late_vivo_blood	0.9556389377371719	1.2891287586738627	18	0.9698850818634569	blood	1.0
Nkx3.1	0.9698850818634569	0.9698850818634569	1.0	0.9993533727032353	0.9993533727032353	0.999998219461798	0.1	1.0	early_vitro_liver	1.00234340109773	1.2051909892262487	18	0.9698850818634569	blood	1.0
KLF17	0.9698850818634569	0.9698850818634569	1.0	1.0	0.9546691413265357	0.999998219461798	0.1	1.0	early_vivo_blood	1.1263806655419903	3.01219512195122	18	0.9698850818634569	blood	1.0
Duxbl	0.9698850818634569	1.0	1.0	0.9993533727032353	1.0	0.999999999941218	0.1	1.0	late_vitro_blood	0.8531912349490668	2.205882352941176	18	0.9698850818634569	blood	1.0
Hand2	0.9698850818634569	1.0	0.9698850818634569	0.9546691413265357	1.0	0.999998219461798	0.1	1.0	late_vitro_blood	1.0079692916632512	1.63013698630137	18	0.9698850818634569	blood	1.0
FXR	1.0	0.9698850818634569	0.9698850818634569	0.9546691413265357	1.0	0.999998219461798	0.1	1.0	mid_vitro_liver	1.1513137120434467	1.6363636363636365	18	0.9698850818634569	liver	1.0
CEBP	0.9698850818634569	1.0	1.0	1.0	0.9993533727032353	0.999999999941218	0.1	1.0	mid_vivo_blood	0.964804648815098	1.4063360881542701	18	0.9698850818634569	blood	1.0
HLF	1.0	1.0	0.9698850818634569	0.9993533727032353	1.0	0.999999999941218	0.1	1.0	mid_vitro_lymph	1.0213415953098302	1.2555654496883348	18	0.9698850818634569	lymph	1.0
Phox2a	1.0	0.9698850818634569	1.0	0.9993533727032353	1.0	0.999999999941218	0.1	1.0	early_vitro_liver	1.0353236875930898	1.4900924702774108	18	0.9698850818634569	liver	1.0
PRDM10	1.0	0.9698850818634569	1.0	0.9993533727032353	1.0	0.999999999941218	0.1	1.0	mid_vitro_liver	0.9659665404029574	1.4886075949367088	18	0.9698850818634569	liver	1.0
LRF	0.9698850818634569	0.9698850818634569	1.0	0.9546691413265357	1.0	0.999998219461798	0.1	1.0	late_vitro_blood	1.0220042925205854	1.3589403973509935	18	0.9698850818634569	blood	1.0
THRa	0.9698850818634569	1.0	1.0	1.0	0.9993533727032353	0.999999999941218	0.1	1.0	early_vivo_blood	1.1006856793029947	2.0093023255813955	18	0.9698850818634569	blood	1.0
TEAD3	1.0	0.9698850818634569	1.0	1.0	0.9993533727032353	0.999999999941218	0.1	1.0	early_vivo_liver	0.99659027432564	1.4608523290386521	18	0.9698850818634569	liver	1.0
Tbx21	1.0	1.0	0.9698850818634569	0.9993533727032353	1.0	0.999999999941218	0.1	1.0	early_vitro_lymph	1.0109163862163184	1.3661645422943218	18	0.9698850818634569	lymph	1.0
Usf2	0.9698850818634569	1.0	1.0	0.9993533727032353	1.0	0.999999999941218	0.1	1.0	late_vitro_blood	0.9522374675126432	1.9454545454545455	18	0.9698850818634569	blood	1.0
Tbr1	1.0	0.9698850818634569	0.9698850818634569	0.9993533727032353	0.9993533727032353	0.999998219461798	0.1	1.0	mid_vivo_liver	1.0211785699004114	1.2470760233918128	18	0.9698850818634569	liver	1.0
Oct2	0.9698850818634569	0.9698850818634569	0.9698850818634569	0.9993533727032353	0.9546691413265357	0.999689734899121	0.1	1.0	mid_vitro_blood	1.0347424293836518	1.6542056074766354	18	0.9698850818634569	blood	1.0
DLX2	1.0	1.0	0.9698850818634569	0.9993533727032353	1.0	0.999999999941218	0.1	1.0	mid_vitro_lymph	0.9981341067228979	1.1416045594037703	18	0.9698850818634569	lymph	1.0
ETS	0.9698850818634569	1.0	1.0	1.0	0.9993533727032353	0.999999999941218	0.1	1.0	mid_vivo_blood	0.9648500794496433	2.098360655737705	18	0.9698850818634569	blood	1.0
GLIS3	0.9698850818634569	1.0	1.0	0.9993533727032353	1.0	0.999999999941218	0.1	1.0	mid_vitro_blood	1.0417298341044314	1.401913875598086	18	0.9698850818634569	blood	1.0
En1	0.9698850818634569	1.0	0.9698850818634569	0.9993533727032353	0.9993533727032353	0.999998219461798	0.1	1.0	early_vivo_lymph	1.0125403231027936	1.2026552128074972	18	0.9698850818634569	blood	1.0
Atoh1	1.0	1.0	0.9698850818634569	1.0	0.9993533727032353	0.999999999941218	0.1	1.0	early_vivo_lymph	0.9674798495200334	1.3394216133942163	18	0.9698850818634569	lymph	1.0
PAX3:FKHR-fusion	0.9698850818634569	0.9698850818634569	1.0	0.9993533727032353	0.9993533727032353	0.999998219461798	0.1	1.0	late_vitro_liver	1.0877021190104428	1.8423645320197046	18	0.9698850818634569	blood	1.0
Brn2	0.9698850818634569	1.0	1.0	1.0	0.9993533727032353	0.999999999941218	0.1	1.0	mid_vivo_blood	1.1121527910490787	2.0	18	0.9698850818634569	blood	1.0
p63	0.9698850818634569	1.0	0.9698850818634569	0.9993533727032353	0.9993533727032353	0.999998219461798	0.1	1.0	early_vivo_lymph	0.9976263836067609	1.7910447761194033	18	0.9698850818634569	blood	1.0
HNF6	1.0	1.0	0.9698850818634569	0.9993533727032353	1.0	0.999999999941218	0.1	1.0	late_vitro_lymph	0.9305242049545188	1.3563579277864992	18	0.9698850818634569	lymph	1.0
ZBTB18	0.9698850818634569	1.0	0.9698850818634569	1.0	0.9546691413265357	0.999998219461798	0.1	1.0	early_vivo_blood	1.0872152357443536	1.7484276729559747	18	0.9698850818634569	blood	1.0
CLOCK	0.9698850818634569	1.0	1.0	1.0	0.9993533727032353	0.999999999941218	0.1	0.8278	late_vivo_blood	0.9577895756556494	1.6382978723404256	18	0.9698850818634569	blood	1.0
NFAT:AP1	0.9698850818634569	1.0	0.9698850818634569	0.9993533727032353	0.9993533727032353	0.999998219461798	0.1	1.0	early_vitro_lymph	0.984444372855233	2.021857923497268	18	0.9698850818634569	blood	1.0
MafK	1.0	0.9698850818634569	1.0	0.9993533727032353	1.0	0.999999999941218	0.1	1.0	early_vitro_liver	1.1625443863404976	2.3797468354430378	18	0.9698850818634569	liver	1.0
SPDEF	0.9698850818634569	1.0	1.0	1.0	0.9993533727032353	0.999999999941218	0.1	1.0	mid_vivo_blood	0.9184747651857494	1.3487450462351387	18	0.9698850818634569	blood	1.0
PRDM14	1.0	1.0	0.9698850818634569	1.0	0.9993533727032353	0.999999999941218	0.1	1.0	early_vivo_lymph	1.0218935402734874	1.6901408450704227	18	0.9698850818634569	lymph	1.0
MYRF	0.9698850818634569	1.0	1.0	1.0	0.9993533727032353	0.999999999941218	0.1	1.0	mid_vivo_blood	1.068479928944135	1.868421052631579	18	0.9698850818634569	blood	1.0
ZNF165	0.9698850818634569	0.9698850818634569	1.0	0.9546691413265357	1.0	0.999998219461798	0.1	1.0	late_vitro_blood	1.0550445265269948	2.327272727272727	18	0.9698850818634569	blood	1.0
p53	1.0	1.0	0.9698850818634569	0.9993533727032353	1.0	0.999999999941218	0.1	1.0	mid_vitro_lymph	1.2004096130178243	4.75	18	0.9698850818634569	lymph	1.0
GFY-Staf	0.9698850818634569	0.9698850818634569	1.0	0.9993533727032353	0.9993533727032353	0.999998219461798	0.1	1.0	early_vitro_liver	2.361019921436588	10.625	18	0.9698850818634569	blood	1.0
Hoxd11	0.9698850818634569	1.0	1.0	1.0	0.9993533727032353	0.999999999941218	0.1	0.8152	late_vivo_blood	1.021897785866064	1.1195652173913044	18	0.9698850818634569	blood	1.0
ZSCAN22	1.0	0.9698850818634569	0.9698850818634569	1.0	0.9546691413265357	0.999998219461798	0.1	1.0	mid_vivo_liver	1.1504836252554218	3.76	18	0.9698850818634569	liver	1.0
ZNF143|STAF	0.9698850818634569	0.9698850818634569	0.9698850818634569	1.0	0.7410362271866149	0.999689734899121	0.1	1.0	early_vivo_blood	1.2085725831402234	2.4949494949494953	18	0.9698850818634569	blood	1.0
Elf4	1.0	0.9698850818634569	1.0	1.0	0.9993533727032353	0.999999999941218	0.1	1.0	late_vivo_liver	1.0808376942293543	1.3	18	0.9698850818634569	liver	1.0
HOXA2	0.9698850818634569	0.9698850818634569	1.0	0.9546691413265357	1.0	0.999998219461798	0.1	1.0	early_vitro_liver	1.0308799250820502	3.1772151898734173	18	0.9698850818634569	blood	1.0
EWS:ERG-fusion	1.0	0.9698850818634569	0.9698850818634569	0.9993533727032353	0.9993533727032353	0.999998219461798	0.1	1.0	early_vitro_lymph	1.068743434858827	1.5007800312012478	18	0.9698850818634569	liver	1.0
Npas4	0.9698850818634569	1.0	1.0	1.0	0.9993533727032353	0.999999999941218	0.1	1.0	mid_vivo_blood	0.8941575915380269	1.5484848484848486	18	0.9698850818634569	blood	1.0
Oct4:Sox17	0.9698850818634569	1.0	1.0	1.0	0.9993533727032353	0.999999999941218	0.1	1.0	early_vivo_blood	1.081604720387662	2.5714285714285716	18	0.9698850818634569	blood	1.0
NFkB-p50,p52	1.0	1.0	0.9698850818634569	1.0	0.9993533727032353	0.999999999941218	0.1	1.0	late_vivo_lymph	1.1127560730483559	4.483870967741935	18	0.9698850818634569	lymph	1.0
Sox17	0.9698850818634569	0.9698850818634569	0.9698850818634569	0.9546691413265357	0.9993533727032353	0.999689734899121	0.1	1.0	early_vitro_lymph	0.9790294504898411	1.5	18	0.9698850818634569	blood	1.0
ZNF189	1.0	1.0	0.9698850818634569	0.9993533727032353	1.0	0.999999999941218	0.1	1.0	mid_vitro_lymph	1.0383365100736568	1.4698581560283688	18	0.9698850818634569	lymph	1.0
IRF:BATF	0.9698850818634569	0.9698850818634569	0.9698850818634569	0.9993533727032353	0.9546691413265357	0.999689734899121	0.1	1.0	early_vivo_blood	1.1166566477374738	2.25609756097561	18	0.9698850818634569	blood	1.0
EKLF	1.0	0.9698850818634569	1.0	1.0	0.9993533727032353	0.999999999941218	0.1	1.0	mid_vivo_liver	0.9596777472670267	2.2203389830508478	18	0.9698850818634569	liver	1.0
Foxa3	0.9698850818634569	0.9698850818634569	1.0	0.9993533727032353	0.9993533727032353	0.999998219461798	0.1	1.0	mid_vivo_blood	1.0090116795276003	1.7155963302752295	18	0.9698850818634569	blood	1.0
Tgif2	1.0	1.0	0.9698850818634569	1.0	0.9993533727032353	0.999999999941218	0.1	1.0	late_vivo_lymph	1.0304695479946249	1.140148950575491	18	0.9698850818634569	lymph	1.0
Sp1	1.0	0.9698850818634569	1.0	1.0	0.9993533727032353	0.999999999941218	0.1	1.0	late_vivo_liver	1.0362615561398922	3.4782608695652173	18	0.9698850818634569	liver	1.0
PPARE	1.0	1.0	0.9698850818634569	1.0	0.9993533727032353	0.999999999941218	0.1	1.0	late_vivo_lymph	1.0241897992027278	1.3461538461538463	18	0.9698850818634569	lymph	1.0
MafB	0.9698850818634569	0.9698850818634569	0.9698850818634569	0.7410362271866149	1.0	0.999689734899121	0.1	1.0	early_vitro_liver	1.0621195198761546	1.7844827586206897	18	0.9698850818634569	blood	1.0
Tcf21	0.9698850818634569	0.9698850818634569	1.0	1.0	0.9546691413265357	0.999998219461798	0.1	1.0	mid_vivo_blood	0.9347574799544662	1.4466019417475728	18	0.9698850818634569	blood	1.0
Nanog	1.0	1.0	0.9698850818634569	0.9993533727032353	1.0	0.999999999941218	0.1	1.0	mid_vitro_lymph	1.007326348163304	1.1066853016538551	18	0.9698850818634569	lymph	1.0
Zfp57	1.0	0.9698850818634569	1.0	0.9993533727032353	1.0	0.999999999941218	0.1	1.0	late_vitro_liver	0.7107285826964045	1.7012987012987013	18	0.9698850818634569	liver	1.0
Eomes	1.0	0.9698850818634569	0.9698850818634569	1.0	0.9546691413265357	0.999998219461798	0.1	1.0	mid_vivo_liver	1.0108057031298179	1.24407688869021	18	0.9698850818634569	liver	1.0
Six2	0.9698850818634569	1.0	1.0	1.0	0.9993533727032353	0.999999999941218	0.1	0.6511	late_vivo_blood	1.0367990310269088	1.341330425299891	18	0.9698850818634569	blood	1.0
LEF1	0.9698850818634569	1.0	0.9698850818634569	1.0	0.9546691413265357	0.999998219461798	0.1	1.0	early_vivo_lymph	0.9811688996878076	1.4141274238227148	18	0.9698850818634569	blood	1.0
Gata6	0.9698850818634569	0.9698850818634569	1.0	0.9993533727032353	0.9993533727032353	0.999998219461798	0.1	1.0	mid_vitro_blood	0.9909171584688811	1.2626441881100268	18	0.9698850818634569	blood	1.0
SF1	0.9698850818634569	1.0	1.0	1.0	0.9993533727032353	0.999999999941218	0.1	1.0	early_vivo_blood	1.0848545119877258	2.0746268656716413	18	0.9698850818634569	blood	1.0
Bach2	0.9698850818634569	1.0	1.0	1.0	0.9993533727032353	0.999999999941218	0.1	0.6431	late_vivo_blood	1.1790627458212568	2.454545454545454	18	0.9698850818634569	blood	1.0
ERE	0.9698850818634569	1.0	0.9698850818634569	0.9993533727032353	0.9993533727032353	0.999998219461798	0.1	1.0	mid_vitro_lymph	0.9341967061609968	2.2406015037593985	18	0.9698850818634569	blood	1.0
Mesp1	1.0	0.9698850818634569	1.0	0.9993533727032353	1.0	0.999999999941218	0.1	1.0	late_vitro_liver	0.9221380264015822	1.3882618510158016	18	0.9698850818634569	liver	1.0
NPAS	0.9698850818634569	0.9698850818634569	1.0	0.9993533727032353	0.9993533727032353	0.999998219461798	0.1	1.0	mid_vivo_blood	1.04986203149405	1.3097014925373134	18	0.9698850818634569	blood	1.0
MNT	1.0	1.0	0.9698850818634569	1.0	0.9993533727032353	0.999999999941218	0.1	1.0	late_vivo_lymph	0.9711678125613763	1.3517964071856288	18	0.9698850818634569	lymph	1.0
HIF2a	0.9698850818634569	0.9698850818634569	0.9698850818634569	1.0	0.7410362271866149	0.999689734899121	0.1	0.9806	early_vivo_liver	1.3053071661650337	3.0078125	18	0.9698850818634569	blood	1.0
EHF	1.0	1.0	0.9698850818634569	0.9993533727032353	1.0	0.999999999941218	0.1	1.0	early_vitro_lymph	1.028557426806005	1.3261508325171398	18	0.9698850818634569	lymph	1.0
IRF2	0.9698850818634569	1.0	0.9698850818634569	0.9993533727032353	0.9993533727032353	0.999998219461798	0.1	1.0	mid_vivo_lymph	1.0041920209812647	2.7126436781609193	18	0.9698850818634569	blood	1.0
AP-1	0.9698850818634569	1.0	0.9698850818634569	0.9993533727032353	0.9993533727032353	0.999998219461798	0.1	1.0	late_vitro_blood	1.0135236398810221	1.4048582995951417	18	0.9698850818634569	blood	1.0
Zic3	1.0	0.9698850818634569	0.9698850818634569	0.9546691413265357	1.0	0.999998219461798	0.1	1.0	early_vitro_lymph	1.06913951012997	1.7764227642276424	18	0.9698850818634569	liver	1.0
Sox15	1.0	1.0	0.9698850818634569	0.9993533727032353	1.0	0.999999999941218	0.1	1.0	early_vitro_lymph	0.8999162937905343	1.4448529411764706	18	0.9698850818634569	lymph	1.0
HEB	1.0	0.9698850818634569	1.0	1.0	0.9993533727032353	0.999999999941218	0.1	1.0	mid_vivo_liver	0.9357456506114351	1.2519148936170212	18	0.9698850818634569	liver	1.0
GSC	1.0	1.0	0.9698850818634569	1.0	0.9993533727032353	0.999999999941218	0.1	1.0	mid_vivo_lymph	0.9919125247205489	1.3012677106636839	18	0.9698850818634569	lymph	1.0
Srebp2	0.9698850818634569	1.0	1.0	1.0	0.9993533727032353	0.999999999941218	0.1	1.0	early_vivo_blood	0.8037952391803396	2.890625	18	0.9698850818634569	blood	1.0
Mouse_Recombination_Hotspot	1.0	0.9698850818634569	1.0	1.0	0.9993533727032353	0.999999999941218	0.1	1.0	late_vivo_liver	0.9762281854549832	2.5098039215686274	18	0.9698850818634569	liver	1.0
Hoxc6	1.0	1.0	0.9698850818634569	0.9993533727032353	1.0	0.999999999941218	0.1	1.0	early_vitro_lymph	0.9723900483552393	1.1247175779484864	18	0.9698850818634569	lymph	1.0
RUNX	0.9698850818634569	1.0	0.9698850818634569	1.0	0.9546691413265357	0.999998219461798	0.1	0.3448	late_vivo_blood	1.0174485852304587	1.64375	18	0.9698850818634569	blood	1.0
CUX1	1.0	0.9698850818634569	0.9698850818634569	1.0	0.9546691413265357	0.999998219461798	0.1	1.0	early_vivo_lymph	1.01159380538641	1.4732142857142856	18	0.9698850818634569	liver	1.0
Tcf12	1.0	1.0	0.9698850818634569	0.9993533727032353	1.0	0.999999999941218	0.1	1.0	early_vitro_lymph	0.9412884864095599	1.6866952789699572	18	0.9698850818634569	lymph	1.0
Foxh1	1.0	1.0	0.9698850818634569	1.0	0.9993533727032353	0.999999999941218	0.1	1.0	mid_vivo_lymph	0.8679250566939317	1.4199683042789226	18	0.9698850818634569	lymph	1.0
Atf2	1.0	1.0	0.9698850818634569	1.0	0.9993533727032353	0.999999999941218	0.1	1.0	early_vivo_lymph	1.052202436057336	2.1052631578947367	18	0.9698850818634569	lymph	1.0
RORa	0.9698850818634569	1.0	1.0	1.0	0.9993533727032353	0.999999999941218	0.1	1.0	mid_vivo_blood	0.9022427380557443	2.6607142857142856	18	0.9698850818634569	blood	1.0
PRDM15	1.0	0.9698850818634569	0.9698850818634569	0.9546691413265357	1.0	0.999998219461798	0.1	1.0	mid_vitro_lymph	1.0647158499869451	1.2979002624671916	18	0.9698850818634569	liver	1.0
Znf263	1.0	1.0	0.9698850818634569	0.9993533727032353	1.0	0.999999999941218	0.1	1.0	late_vitro_lymph	0.9924376895957221	1.2466598150051387	18	0.9698850818634569	lymph	1.0
Esrrb	1.0	1.0	0.9698850818634569	0.9993533727032353	1.0	0.999999999941218	0.1	1.0	early_vitro_lymph	1.0985069041477422	1.756281407035176	18	0.9698850818634569	lymph	1.0
Sp2	0.9698850818634569	0.9698850818634569	0.9698850818634569	0.9546691413265357	0.9993533727032353	0.999689734899121	0.1	1.0	early_vitro_lymph	1.0616559862518002	1.6452328159645233	18	0.9698850818634569	blood	1.0
Lhx2	0.9698850818634569	1.0	1.0	0.9993533727032353	1.0	0.999999999941218	0.1	1.0	mid_vitro_blood	1.0141937333252948	1.2074892572130143	18	0.9698850818634569	blood	1.0
Klf15	0.9698850818634569	1.0	1.0	0.9993533727032353	1.0	0.999999999941218	0.1	1.0	late_vitro_blood	0.9883866057581844	1.3879518072289154	18	0.9698850818634569	blood	1.0
GABPA	0.9698850818634569	1.0	1.0	1.0	0.9993533727032353	0.999999999941218	0.1	1.0	mid_vivo_blood	0.9728559959187795	1.3781942078364564	18	0.9698850818634569	blood	1.0
ELF1	0.9698850818634569	0.9698850818634569	1.0	0.9993533727032353	0.9993533727032353	0.999998219461798	0.1	1.0	mid_vivo_blood	1.0080989757177001	1.8378378378378377	18	0.9698850818634569	blood	1.0
POU4F3	1.0	1.0	0.9698850818634569	0.9993533727032353	1.0	0.999999999941218	0.1	1.0	early_vitro_lymph	0.9272831706799294	1.7896174863387977	18	0.9698850818634569	lymph	1.0
BORIS	0.9698850818634569	0.9698850818634569	1.0	0.9546691413265357	1.0	0.999998219461798	0.1	1.0	early_vitro_blood	1.1973700754063268	2.8	18	0.9698850818634569	blood	1.0
RARg	0.9698850818634569	1.0	0.9698850818634569	1.0	0.9546691413265357	0.999998219461798	0.1	1.0	mid_vivo_blood	1.3856686952339126	4.25	18	0.9698850818634569	blood	1.0
CTCF	0.9698850818634569	1.0	1.0	0.9993533727032353	1.0	0.999999999941218	0.1	1.0	early_vitro_blood	1.5040820758571014	4.107142857142857	18	0.9698850818634569	blood	1.0
CRE	0.9698850818634569	0.9698850818634569	1.0	0.9993533727032353	0.9993533727032353	0.999998219461798	0.1	1.0	early_vitro_blood	1.0422573372622077	2.742857142857143	18	0.9698850818634569	blood	1.0
CArG	0.9698850818634569	1.0	0.9698850818634569	0.9993533727032353	0.9993533727032353	0.999998219461798	0.1	1.0	early_vitro_blood	0.9835635574603379	1.845018450184502	18	0.9698850818634569	blood	1.0
AMYB	0.9698850818634569	1.0	1.0	0.9993533727032353	1.0	0.999999999941218	0.1	1.0	early_vitro_blood	1.029847260702884	1.360655737704918	18	0.9698850818634569	blood	1.0
BMYB	0.9698850818634569	1.0	1.0	0.9993533727032353	1.0	0.999999999941218	0.1	1.0	early_vitro_blood	0.9757341408213617	1.3470817120622567	18	0.9698850818634569	blood	1.0
GATA	0.9698850818634569	0.9698850818634569	0.9698850818634569	0.7410362271866149	1.0	0.999689734899121	0.1	1.0	early_vitro_blood	1.3470450017053226	2.276315789473684	18	0.9698850818634569	blood	1.0
HIF-1b	0.9698850818634569	1.0	0.9698850818634569	0.9993533727032353	0.9993533727032353	0.999998219461798	0.1	1.0	early_vitro_blood	1.0795498237658483	1.658823529411765	18	0.9698850818634569	blood	1.0
Bapx1	0.9698850818634569	0.9698850818634569	0.9698850818634569	0.7410362271866149	1.0	0.999689734899121	0.1	1.0	mid_vitro_blood	1.0279596556812587	1.271935283136279	18	0.9698850818634569	blood	1.0
T1ISRE	1.0	0.9698850818634569	1.0	1.0	0.9993533727032353	0.999999999941218	0.1	1.0	mid_vivo_liver	1.232458382213284	3.6874999999999996	18	0.9698850818634569	liver	1.0
NF-E2	0.9698850818634569	0.9698850818634569	1.0	1.0	0.9546691413265357	0.999998219461798	0.1	1.0	early_vivo_blood	1.444975817258426	5.857142857142858	18	0.9698850818634569	blood	1.0
Tbet	0.9698850818634569	1.0	0.9698850818634569	0.9993533727032353	0.9993533727032353	0.999998219461798	0.1	1.0	early_vitro_lymph	1.0302059885212724	1.470408163265306	18	0.9698850818634569	blood	1.0
LXRE	1.0	0.9698850818634569	0.9698850818634569	1.0	0.9546691413265357	0.999998219461798	0.1	0.9806	early_vivo_liver	1.2743420711364468	9.142857142857142	18	0.9698850818634569	liver	1.0
Klf9	1.0	0.9698850818634569	1.0	1.0	0.9993533727032353	0.999999999941218	0.1	1.0	late_vivo_liver	0.8399416983959139	2.2151898734177213	18	0.9698850818634569	liver	1.0
GLI3	1.0	0.9698850818634569	0.9698850818634569	0.9993533727032353	0.9993533727032353	0.999998219461798	0.1	0.9806	early_vivo_liver	1.0455587128644583	4.654545454545454	18	0.9698850818634569	liver	1.0
GFX	1.0	0.9698850818634569	1.0	0.9993533727032353	1.0	0.999999999941218	0.1	1.0	mid_vitro_liver	0.6851851851851852	12.333333333333334	18	0.9698850818634569	liver	1.0
GATA:SCL	0.9698850818634569	0.9698850818634569	0.9698850818634569	0.7410362271866149	1.0	0.999689734899121	0.1	1.0	early_vitro_liver	1.027371924142164	2.0978260869565215	18	0.9698850818634569	blood	1.0
E-box	0.9698850818634569	0.9698850818634569	1.0	1.0	0.9546691413265357	0.999998219461798	0.1	1.0	mid_vivo_liver	1.208579478800067	5.25	18	0.9698850818634569	blood	1.0
FoxL2	0.9698850818634569	1.0	1.0	0.9993533727032353	1.0	0.999999999941218	0.1	1.0	early_vitro_blood	0.9287098232304221	1.2358934169278997	18	0.9698850818634569	blood	1.0
Max	0.9698850818634569	1.0	1.0	0.9993533727032353	1.0	0.999999999941218	0.1	1.0	early_vitro_blood	0.9539592596046538	1.5625	18	0.9698850818634569	blood	1.0
Olig2	0.9698850818634569	1.0	0.9698850818634569	0.9546691413265357	1.0	0.999998219461798	0.1	1.0	early_vitro_blood	0.976820280643303	1.2186335403726707	18	0.9698850818634569	blood	1.0
Fox:Ebox	0.9698850818634569	0.9698850818634569	0.9698850818634569	0.9546691413265357	0.9993533727032353	0.999689734899121	0.1	1.0	early_vitro_blood	0.9825308441908063	1.362088535754824	18	0.9698850818634569	blood	1.0
PGR	0.9698850818634569	1.0	1.0	0.9993533727032353	1.0	0.999999999941218	0.1	1.0	early_vitro_blood	1.1576897921211584	1.8333333333333335	18	0.9698850818634569	blood	1.0
TATA-Box	0.9698850818634569	1.0	0.9698850818634569	0.9993533727032353	0.9993533727032353	0.999998219461798	0.1	1.0	early_vitro_blood	0.9986320658773467	1.334981458590853	18	0.9698850818634569	blood	1.0
Gfi1b	0.9698850818634569	0.9698850818634569	0.9698850818634569	0.9993533727032353	0.9546691413265357	0.999689734899121	0.1	1.0	early_vitro_blood	1.1658140360162936	1.7881040892193307	18	0.9698850818634569	blood	1.0
EBNA1	1.0	1.0	1.0	1.0	1.0	1.0	1.0	1.0	early_vitro_blood	0.5401234567901235	6.166666666666667	18	1.0	blood	1.0
ETS:RUNX	1.0	1.0	1.0	1.0	1.0	1.0	1.0	1.0	early_vitro_blood	0.7676839358194412	3.1111111111111107	18	1.0	blood	1.0
NF1:FOXA1	1.0	1.0	1.0	1.0	1.0	1.0	1.0	1.0	early_vitro_blood	0.7973213329466471	2.222222222222222	18	1.0	blood	1.0
Ap4	1.0	1.0	1.0	1.0	1.0	1.0	1.0	1.0	early_vitro_blood	0.9857066143184267	1.2962382445141065	18	1.0	blood	1.0
RFX	1.0	1.0	1.0	1.0	1.0	1.0	1.0	1.0	early_vitro_blood	0.4163765632515633	1.25	18	1.0	blood	1.0
Six4	1.0	1.0	1.0	1.0	1.0	1.0	1.0	1.0	early_vitro_blood	0.5739542715349167	2.6785714285714284	18	1.0	blood	1.0
Reverb	1.0	1.0	1.0	1.0	1.0	1.0	1.0	1.0	early_vitro_blood	0.6689388558298001	2.0701754385964914	18	1.0	blood	1.0
Srebp1a	1.0	1.0	1.0	1.0	1.0	1.0	1.0	1.0	early_vitro_blood	0.9442265177833171	1.9603174603174605	18	1.0	blood	1.0
Tbx20	1.0	1.0	1.0	1.0	1.0	1.0	1.0	1.0	early_vitro_blood	0.7850112046449657	1.5416666666666667	18	1.0	blood	1.0
Zic2	1.0	1.0	1.0	1.0	1.0	1.0	1.0	1.0	early_vitro_blood	0.9179990393634196	1.6813186813186813	18	1.0	blood	1.0
ZNF711	1.0	1.0	1.0	1.0	1.0	1.0	1.0	1.0	early_vitro_blood	1.0301067985473198	1.180921052631579	18	1.0	blood	1.0
Hoxa11	1.0	1.0	1.0	1.0	1.0	1.0	1.0	1.0	early_vitro_blood	0.9823608759218069	1.0754442178852317	18	1.0	blood	1.0
Ascl1	1.0	1.0	1.0	1.0	1.0	1.0	1.0	1.0	early_vitro_blood	0.9349763136211104	1.178082191780822	18	1.0	blood	1.0
Gata1	1.0	1.0	1.0	1.0	1.0	1.0	1.0	1.0	early_vitro_blood	0.8912853406807463	1.2193251533742333	18	1.0	blood	1.0
Pit1+1bp	1.0	1.0	1.0	1.0	1.0	1.0	1.0	1.0	early_vitro_blood	0.8350197385553896	1.1324786324786327	18	1.0	blood	1.0
EBF1	1.0	1.0	1.0	1.0	1.0	1.0	1.0	1.0	early_vitro_blood	0.894851228474386	1.1849791376912377	18	1.0	blood	1.0
SCRT1	1.0	1.0	1.0	1.0	1.0	1.0	1.0	1.0	early_vitro_blood	0.8323030649766588	1.3834586466165413	18	1.0	blood	1.0
ZBTB12	1.0	1.0	1.0	1.0	1.0	1.0	1.0	1.0	early_vitro_blood	0.7974679629651287	1.4933333333333332	18	1.0	blood	1.0
Ets1-distal	1.0	1.0	1.0	1.0	1.0	1.0	1.0	1.0	early_vitro_blood	0.9712245294125545	1.544041450777202	18	1.0	blood	1.0
DMRT6	1.0	1.0	1.0	1.0	1.0	1.0	1.0	1.0	early_vitro_blood	1.1213065664457762	1.6845238095238095	18	1.0	blood	1.0
ELF3	1.0	1.0	1.0	1.0	1.0	1.0	1.0	1.0	early_vitro_blood	1.0102824380077917	1.261637239165329	18	1.0	blood	1.0
E2A	1.0	1.0	1.0	1.0	1.0	1.0	1.0	1.0	early_vitro_blood	0.9946826641601673	1.2194148936170213	18	1.0	blood	1.0
ZNF692	1.0	1.0	1.0	1.0	1.0	1.0	1.0	1.0	early_vitro_blood	1.1565997765164981	2.6904761904761902	18	1.0	blood	1.0
STAT6	1.0	1.0	1.0	1.0	1.0	1.0	1.0	1.0	early_vitro_blood	0.9296877289161826	1.2647482014388487	18	1.0	blood	1.0
PAX6	1.0	1.0	1.0	1.0	1.0	1.0	1.0	1.0	early_vitro_blood	0.9154213903233008	2.3703703703703702	18	1.0	blood	1.0
DMRT1	1.0	1.0	1.0	1.0	1.0	1.0	1.0	1.0	early_vitro_blood	1.1442124549306172	1.7209302325581397	18	1.0	blood	1.0
Tgif1	1.0	1.0	1.0	1.0	1.0	1.0	1.0	1.0	early_vitro_blood	1.005787444942288	1.11700247437257	18	1.0	blood	1.0
Hoxd13	1.0	1.0	1.0	1.0	1.0	1.0	1.0	1.0	early_vitro_blood	1.0519040614728985	1.1612638489946656	18	1.0	blood	1.0
E2F3	1.0	1.0	1.0	1.0	1.0	1.0	1.0	1.0	early_vitro_blood	0.9283600433024025	1.5088757396449703	18	1.0	blood	1.0
USF1	1.0	1.0	1.0	1.0	1.0	1.0	1.0	1.0	early_vitro_blood	0.901724878985731	1.401015228426396	18	1.0	blood	1.0
ZBTB38	1.0	1.0	1.0	1.0	1.0	1.0	1.0	1.0	early_vitro_blood	0.9893969169740193	1.2692307692307692	18	1.0	blood	1.0
Hoxa13	1.0	1.0	1.0	1.0	1.0	1.0	1.0	1.0	early_vitro_blood	0.9940461062624484	1.085403293329612	18	1.0	blood	1.0
Fli1	1.0	1.0	1.0	1.0	1.0	1.0	1.0	1.0	early_vitro_blood	0.9605015453881429	1.3408071748878925	18	1.0	blood	1.0
ZNF652	1.0	1.0	1.0	1.0	1.0	1.0	1.0	1.0	early_vitro_blood	0.9635237326813733	1.3357400722021662	18	1.0	blood	1.0
Ptf1a	1.0	1.0	1.0	1.0	1.0	1.0	1.0	1.0	early_vitro_blood	0.9526198603844929	1.0987442922374429	18	1.0	blood	1.0
Pax8	1.0	1.0	1.0	1.0	1.0	1.0	1.0	1.0	early_vitro_blood	0.8773839198635615	1.7430555555555556	18	1.0	blood	1.0
NFATC2	1.0	1.0	1.0	1.0	1.0	1.0	1.0	1.0	early_vitro_blood	0.9134176039443948	1.1261261261261262	18	1.0	blood	1.0
FOXA1:AR	1.0	1.0	1.0	1.0	1.0	1.0	1.0	1.0	early_vitro_blood	0.9193180800324833	1.8764044943820224	18	1.0	blood	1.0
Atoh7	1.0	1.0	1.0	1.0	1.0	1.0	1.0	1.0	early_vitro_blood	0.936763490178045	1.2914979757085019	18	1.0	blood	1.0
Rfx2	1.0	1.0	1.0	1.0	1.0	1.0	1.0	1.0	early_vitro_blood	0.6284922228439558	1.6153846153846154	18	1.0	blood	1.0
TR4	1.0	1.0	1.0	1.0	1.0	1.0	1.0	1.0	early_vitro_blood	0.7180731682223114	2.56	18	1.0	blood	1.0
WT1	1.0	1.0	1.0	1.0	1.0	1.0	1.0	1.0	early_vitro_blood	0.9552389883831278	1.4947368421052631	18	1.0	blood	1.0
Pknox1	1.0	1.0	1.0	1.0	1.0	1.0	1.0	1.0	early_vitro_blood	0.8383482473543447	1.9104477611940298	18	1.0	blood	1.0
Egr1	1.0	1.0	1.0	1.0	1.0	1.0	1.0	1.0	early_vitro_blood	0.9434385903668984	1.4786729857819907	18	1.0	blood	1.0
ELF5	1.0	1.0	1.0	1.0	1.0	1.0	1.0	1.0	early_vitro_blood	1.0146711955479262	1.4347014925373134	18	1.0	blood	1.0
Tcf3	1.0	1.0	1.0	1.0	1.0	1.0	1.0	1.0	early_vitro_blood	0.9359394475305604	1.4319066147859925	18	1.0	blood	1.0
Klf4	1.0	1.0	1.0	1.0	1.0	1.0	1.0	1.0	early_vitro_blood	0.8573246744303131	1.8474576271186443	18	1.0	blood	1.0
Atf4	1.0	1.0	1.0	1.0	1.0	1.0	1.0	1.0	early_vitro_blood	0.8593223532869085	1.2362459546925566	18	1.0	blood	1.0
Ascl2	1.0	1.0	1.0	1.0	1.0	1.0	1.0	1.0	early_vitro_blood	0.9509201980884155	1.2872928176795582	18	1.0	blood	1.0
ZEB2	1.0	1.0	1.0	1.0	1.0	1.0	1.0	1.0	early_vitro_blood	0.9109574536941802	1.2334494773519162	18	1.0	blood	1.0
Elk1	1.0	1.0	1.0	1.0	1.0	1.0	1.0	1.0	early_vitro_blood	0.8427360025610666	1.351931330472103	18	1.0	blood	1.0
Arnt:Ahr	1.0	1.0	1.0	1.0	1.0	1.0	1.0	1.0	early_vitro_blood	0.9324609736363265	1.254355400696864	18	1.0	blood	1.0
KLF14	1.0	1.0	1.0	1.0	1.0	1.0	1.0	1.0	early_vitro_blood	0.9874835392813444	1.2090395480225988	18	1.0	blood	1.0
KLF5	1.0	1.0	1.0	1.0	1.0	1.0	1.0	1.0	early_vitro_blood	0.9635814994967582	1.303482587064677	18	1.0	blood	1.0
Gata2	1.0	1.0	1.0	1.0	1.0	1.0	1.0	1.0	early_vitro_blood	0.9196715668748775	1.1966053748231966	18	1.0	blood	1.0
HINFP	1.0	1.0	1.0	1.0	1.0	1.0	1.0	1.0	early_vitro_blood	1.1722842004292384	3.236842105263158	18	1.0	blood	1.0
PU.1:IRF8	1.0	1.0	1.0	1.0	1.0	1.0	1.0	1.0	early_vitro_blood	1.0229743123711756	1.5953757225433525	18	1.0	blood	1.0
FOXK2	1.0	1.0	1.0	1.0	1.0	1.0	1.0	1.0	early_vitro_blood	0.8956912870743212	1.243609022556391	18	1.0	blood	1.0
Smad3	1.0	1.0	1.0	1.0	1.0	1.0	1.0	1.0	early_vitro_blood	1.0006531069811984	1.1386285150468671	18	1.0	blood	1.0
EBF2	1.0	1.0	1.0	1.0	1.0	1.0	1.0	1.0	early_vitro_blood	0.8274707853445137	1.238950276243094	18	1.0	blood	1.0
NPAS2	1.0	1.0	1.0	1.0	1.0	1.0	1.0	1.0	early_vitro_blood	0.9437025606658244	1.2596439169139466	18	1.0	blood	1.0
ZNF264	1.0	1.0	1.0	1.0	1.0	1.0	1.0	1.0	early_vitro_blood	0.9653417229017873	1.415929203539823	18	1.0	blood	1.0
TEAD2	1.0	1.0	1.0	1.0	1.0	1.0	1.0	1.0	early_vitro_blood	0.899738462191523	1.4436936936936935	18	1.0	blood	1.0
Elk4	1.0	1.0	1.0	1.0	1.0	1.0	1.0	1.0	early_vitro_blood	0.8187325821662921	1.4221311475409837	18	1.0	blood	1.0
ZNF322	1.0	1.0	1.0	1.0	1.0	1.0	1.0	1.0	early_vitro_blood	1.0627504699588497	1.8229166666666667	18	1.0	blood	1.0
Snail1	1.0	1.0	1.0	1.0	1.0	1.0	1.0	1.0	early_vitro_blood	0.9069222941032107	1.2184557438794728	18	1.0	blood	1.0
Slug	1.0	1.0	1.0	1.0	1.0	1.0	1.0	1.0	early_vitro_blood	0.9687928956094408	1.3867924528301887	18	1.0	blood	1.0
Chop	1.0	1.0	1.0	1.0	1.0	1.0	1.0	1.0	early_vitro_blood	0.8639063119286877	1.3928571428571428	18	1.0	blood	1.0
ZEB1	1.0	1.0	1.0	1.0	1.0	1.0	1.0	1.0	early_vitro_blood	0.9417147621129285	1.165880503144654	18	1.0	blood	1.0
TCF4	1.0	1.0	1.0	1.0	1.0	1.0	1.0	1.0	early_vitro_blood	0.9943754090213722	1.1755793226381461	18	1.0	blood	1.0
Unknown	1.0	1.0	1.0	1.0	1.0	1.0	1.0	1.0	early_vitro_blood	0.9971276630646442	1.284393063583815	18	1.0	blood	1.0
FOXK1	1.0	1.0	1.0	1.0	1.0	1.0	1.0	1.0	early_vitro_blood	0.9032337121495245	1.1791401273885351	18	1.0	blood	1.0
Mef2b	1.0	1.0	1.0	1.0	1.0	1.0	1.0	1.0	early_vitro_blood	0.9709644304558491	1.292083712465878	18	1.0	blood	1.0
TFDP1	1.0	1.0	1.0	1.0	1.0	1.0	1.0	1.0	early_vitro_blood	0.9261447629442129	1.9523809523809523	18	1.0	blood	1.0
Maz	1.0	1.0	1.0	1.0	1.0	1.0	1.0	1.0	early_vitro_blood	0.9714103982451063	1.3852813852813852	18	1.0	blood	1.0
Sp5	1.0	1.0	1.0	1.0	1.0	1.0	1.0	1.0	early_vitro_blood	0.9231570996594792	1.2668621700879765	18	1.0	blood	1.0
Sox7	1.0	1.0	1.0	1.0	1.0	1.0	1.0	1.0	early_vitro_blood	1.0301061272758618	1.6160337552742616	18	1.0	blood	1.0
NeuroD1	1.0	1.0	1.0	1.0	1.0	1.0	1.0	1.0	early_vitro_blood	1.0134282326824449	1.3046875	18	1.0	blood	1.0
KLF1	1.0	1.0	1.0	1.0	1.0	1.0	1.0	1.0	early_vitro_blood	1.0216454957085934	1.4025974025974026	18	1.0	blood	1.0
Pbx3	1.0	1.0	1.0	1.0	1.0	1.0	1.0	1.0	early_vitro_blood	0.9126483985639311	1.75	18	1.0	blood	1.0
n-Myc	1.0	1.0	1.0	1.0	1.0	1.0	1.0	1.0	early_vitro_blood	0.9407102187127361	1.4436860068259387	18	1.0	blood	1.0
ZNF91	1.0	1.0	1.0	1.0	1.0	1.0	1.0	1.0	early_vitro_blood	0.9077903731442104	1.3735632183908046	18	1.0	blood	1.0
NFAT	1.0	1.0	1.0	1.0	1.0	1.0	1.0	1.0	early_vitro_blood	0.9422402188332968	1.296	18	1.0	blood	1.0
MafF	1.0	1.0	1.0	1.0	1.0	1.0	1.0	1.0	early_vitro_blood	0.8142561559143147	1.1622340425531916	18	1.0	blood	1.0
Sox4	1.0	1.0	1.0	1.0	1.0	1.0	1.0	1.0	early_vitro_blood	0.9657230562696437	1.351573187414501	18	1.0	blood	1.0
ETS:E-box	1.0	1.0	1.0	1.0	1.0	1.0	1.0	1.0	early_vitro_blood	0.5346919177060991	1.714285714285714	18	1.0	blood	1.0
Nkx2.1	1.0	1.0	1.0	1.0	1.0	1.0	1.0	1.0	early_vitro_blood	0.9768919863488068	1.1526315789473685	18	1.0	blood	1.0
OCT:OCT-short	1.0	1.0	1.0	1.0	1.0	1.0	1.0	1.0	early_vitro_blood	0.9692851800555311	1.207436399217221	18	1.0	blood	1.0
ZBTB9	1.0	1.0	1.0	1.0	1.0	1.0	1.0	1.0	early_vitro_blood	1.009044418524549	1.1512059369202228	18	1.0	blood	1.0
bHLHE40	1.0	1.0	1.0	1.0	1.0	1.0	1.0	1.0	early_vitro_blood	0.7285878521654374	2.0425531914893615	18	1.0	blood	1.0
TEAD1	1.0	1.0	1.0	1.0	1.0	1.0	1.0	1.0	early_vitro_blood	0.9504162829027218	1.2102857142857142	18	1.0	blood	1.0
Hoxc10	1.0	1.0	1.0	1.0	1.0	1.0	1.0	1.0	early_vitro_blood	0.9765874027517556	1.1473533619456366	18	1.0	blood	1.0
DUX4	1.0	1.0	1.0	1.0	1.0	1.0	1.0	1.0	early_vitro_blood	1.1377910491881889	2.210526315789474	18	1.0	blood	1.0
Foxo3	1.0	1.0	1.0	1.0	1.0	1.0	1.0	1.0	early_vitro_blood	0.9383183325878404	1.2697142857142856	18	1.0	blood	1.0
Lhx1	1.0	1.0	1.0	1.0	1.0	1.0	1.0	1.0	early_vitro_blood	1.0024313490165762	1.1485549132947976	18	1.0	blood	1.0
NRF1	1.0	1.0	1.0	1.0	1.0	1.0	1.0	1.0	early_vitro_blood	0.8362323633156966	3.714285714285714	18	1.0	blood	1.0
p73	1.0	1.0	1.0	1.0	1.0	1.0	1.0	1.0	early_vitro_blood	0.8747177194927004	3.3684210526315788	18	1.0	blood	1.0
Tcf7	1.0	1.0	1.0	1.0	1.0	1.0	1.0	1.0	early_vitro_blood	0.9101323569396563	1.3805309734513274	18	1.0	blood	1.0
DUX	1.0	1.0	1.0	1.0	1.0	1.0	1.0	1.0	early_vitro_blood	0.0	0.0	18	1.0	blood	1.0
E2F1	1.0	1.0	1.0	1.0	1.0	1.0	1.0	1.0	early_vitro_blood	1.2282840305985983	2.962962962962963	18	1.0	blood	1.0
NeuroG2	1.0	1.0	1.0	1.0	1.0	1.0	1.0	1.0	early_vitro_blood	0.9594889831905855	1.1496415770609318	18	1.0	blood	1.0
FOXP1	1.0	1.0	1.0	1.0	1.0	1.0	1.0	1.0	early_vitro_blood	0.9775783892689096	1.3409610983981695	18	1.0	blood	1.0
ISRE	1.0	1.0	1.0	1.0	1.0	1.0	1.0	1.0	early_vitro_blood	0.870772048962124	1.9454545454545453	18	1.0	blood	1.0
PPARa	1.0	1.0	1.0	1.0	1.0	1.0	1.0	1.0	early_vitro_blood	0.8999316433196037	1.2024793388429753	18	1.0	blood	1.0
Barx1	1.0	1.0	1.0	1.0	1.0	1.0	1.0	1.0	early_vitro_blood	0.9066651943773378	1.2514619883040936	18	1.0	blood	1.0
YY1	1.0	1.0	1.0	1.0	1.0	1.0	1.0	1.0	early_vitro_blood	1.0499133522804833	3.4705882352941173	18	1.0	blood	1.0
ZNF768	1.0	1.0	1.0	1.0	1.0	1.0	1.0	1.0	early_vitro_blood	0.8212962962962963	3.6363636363636367	18	1.0	blood	1.0
